text,file_name,label
"Chose même véritablement stupéfiante, c’est quand elle n’assemble pas les contraires et les disparates qu’elle paraît manquer aux lois de la ligne et des proportions. Les photo¬ graphies que nous reproduisons ici le montre et le prouve d’abon¬ dance. Et l’on peut ainsi formuler les deux ou trois règles fon¬ damentales qui sont essentiellement particulières à cette esthéti¬ que déconcertante : i° Plus le chapeau est vaste, plus la robe doit-être étroite, ajustée collante.",Femina_1908-10-15_femina186-1908.txt,Éditorial
"— Élégante robe de visite en drap bleu meunier, garni broderie soie même ton, large tablier retenu par des bouton* rebrodés. . 250 fr. Chapeau très grand en ottoman ca- chou garni couronne de plumes b( as et de 2 tète d’autruches noires. 60 fr. 35 fr. xvii ru^ lA 2, rue du Pont=Neuf, PARIS Confectionnés û sur Mesure s. Fillettes, Jeunes Gens et Enfants Envoi franco do* Catalogues et d’Échanallons sur demande Cliché G. de Malherbe fm V'/Î^M [ ij/l J w ■ 'n [i fl A .ES \ I ■ m 1 1 !",Femina_1908-10-15_femina186-1908.txt,Publicité
"Après un lavage rapide avec l’EAU MONO, on séchera. Mettre deux couches du LAIT MONO successivement séchées Ensuite, on étalera une légère couche de CIRE D'ABEILLES MONO et l’on poudrera. Cette toilette demande lü minutes en tout et permettra d’alfronter vents, poussières, etc., allègrement. On n’a à craindre aucune raideur, tous ces produits étant absorbés par la peau plus ou moins vite.",Femina_1908-10-15_femina186-1908.txt,Publicité
"Mais peut-être ne SaVEZ-Vous pas, où ne voulez-vous pas savoir, terribles redresseurs des torts SOCIAUX, tout ce qu’une œuvre pareille — que tout le monde connaît au moins de nom et dont on sait le but -_ léprésente d'efforts continus. de travail Quotidien, pour les membres actifs d abord et même pour les sim- ples adhérentes.",Femina_1901-03-01_femina1-3.txt,Éditorial
"La jupe, disposée en bande, se rattache par une série de petites boucles de strass, traversées par un nœud de velours, sur un dessous de panne fond blanc imprimée de dessins indiens gris perle et noirs à fonds très couverts. Autre costume en taffetas perforé, d’un ton Havane très pâle, tirant sur le roux. De larges boutonnières en brode- rie sont disposées dansle haut de la jupe pour y passer des (Vincent Lachartroulle) rubans de teinte orangée. Les (Boué Sœurs).",Femina_1901-03-01_femina1-3.txt,Éditorial
"Et elle était si contente, si contente , de n'être déjà plus la même depuis la veille, à ses propres ÿeux et aux miens! Mais moi aussi : puisque c'est pour cela que je l'aime! Enfin , je me rappelai pourtant que j'étais venu voir un chien du Kamtchatka . — Stecky! dit-elle, battant des mains, ce cher Stecky, c’est vrai! Vous allez voir comme il est intelligent! et doux! et câlin!",Journal_des_dames_et_des_modes_1913-02-01_journal-des-dames-et-des-modes-1-febbraio-1913.txt,Éditorial
"Le public s'attendait alors à un conte et il glissait sur le scénario , pourvu que la mise en scène fût riche et le cadre somptueux . Sur ces points toute satisfaction . Le conte dramatique de MM. Jules Lemaître et Knoblauch a été monté avec un luxe incomparable. On n’y pourrait reprocher que l'excès de bon goût : un Orient trop réservé , des décors à peine dorés par un soleil trop clément, des cieux d’un azur trop anémique.",Journal_des_dames_et_des_modes_1913-01-01_journal-des-dames-et-des-modes-n.-22-1-gennaio-1913.txt,Éditorial
"N'est-ce pas dans Galathée que l’on chante : Morphée est un dieu plein d’esprit Car son autel est un bon lit Et c’est en dormant qu’on l’honore. Ce ne sont pas seulement des autels de lits de plume que l’an- tiquité élevait au dieu du Sommeil; elle lui rendait un culte. Elle avait consacré le Léthé. Oublier! Dormir ! Rêver ! Nous faudra-t-il renoncer à cette libération passagère , subir sans relâche la ser- vitude des chagrins , des soucis , des préoccupations ?",Journal_des_dames_et_des_modes_1913-03-10_journal-des-dames-et-des-modes-10-marzo-1913.txt,Éditorial
"tre È 4 èche _ = détements pour Dames À AE PART LD Perte er d UG. : F PO TNT TENTE CDELDEUEULELEL LED EAEEEELEEEEELETEE TELE EE EEE A y et pour dlommes, diodes, etc. L EISE 5. boulevard Saint-Germain, 5 +. =, JS j È est incontestablement aujourd'hui | _< La PREMIÈRE des PHOTOGRAPHI DE UNE PRIME ARTISTIQUE |G ERMANDR E Sr Ê£ G s eu POUDRE Er BUR FEUILLES Trois Ateliers « äe 08e E sera ofïter te à tout Acheteur ere LEgereh de Beauté d'un pasfar idéal.",Femina_1901-03-01_femina1-3.txt,Publicité
"Imaginez, je vous prie, un homme, un de nos frères, un grand gaillard haut de cinq pieds six pouces, Don Quichotte, si vous voulez, sanglé dans une redingote haut boutonnée et coiffé d’un bolivar d’un mètre et demi de diamètre : peut-on concevoir mascarade plus complète, caricature plus grotesque ? Eh bien ! non, l’esthétique de la femme s’accommode de cet accoutrement, sa silhouette s’en dégage précise, inattendue, troublante, évocatrice, charmante.",Femina_1908-10-15_femina186-1908.txt,Éditorial
"Lien desatin blanc passé dans des brides faites à même l'étoffe. Les corsages de dessous formant bo- léro en linon sont raccourcis,afin qu’au- cun épaississement ne vienne s'ajouter à la rondeur de la taille. L'un, n°12, estin- a toute la perfection que l’on réservait jadis aux plus beaux mou- choirs. Le n° r est incrus- tation en forme, de dentelle duchesse. Le n° 2 est re- haussé d'une haute valenciennes sur la- quelle s'applique le linon finement den- telé.",Femina_1901-03-01_femina1-3.txt,Éditorial
"Et l’actualité en sera la seule inspiratrice. Par l’importance de leur matière et le dévelop¬ pement scénique qui lui sera donné, certaines de ces conférences consti¬ tueront de véritables Festivals littéraires, musicaux et chorégraphiques.",Femina_1908-10-15_femina186-1908.txt,Éditorial
"Si on suivait le mouve- ment littéraire, en dehors des couloirs et des coulisses ; on n'ignorerait pas M. Claudel , on saurait la belle imagination sr tique qui anime, des racines au faîte, l'Arbre, son œuvre toe trale collective , on aurait apprécié le relief et la puissance de ses poèmes en prose , Connaissance de l'Est, et on ne serait pas forcé de se renseigner à la dernière minute . ; Ajoutez que, pour la plupart, les questionnés n en savaient guère plus que les questionneurs .",Journal_des_dames_et_des_modes_1913-01-01_journal-des-dames-et-des-modes-n.-22-1-gennaio-1913.txt,Éditorial
"Rien de plus passionnant pour Alcippe que les aventures. Déjà, il se voit en bonne fortune ; il imagine que la conversation ne s’achèvera pas sans qu’il ait obtenu un rendez-vous; nerveuse- ment, il repousse ses papiers ; il s’évertue à rendre sa voix plus souple , plus prenante ; il risque des mots qui sont comme des promesses , il hasarde des exclamations qui sont comme des caresses : — Que vous devez être jolie ! les yeux vifs, la bouche toute rose , toute petite, parfumée comme un œillet...",Journal_des_dames_et_des_modes_1913-03-01_journal-des-dames-et-des-modes-1-marzo-1913.txt,Éditorial
"Qu’on les cueille en passant, comme on cueille les fleurs et les jolies choses. Camille Duguet. 487 GUIRLANDE DE CHEVEUX La violette couronne le front , à l'an- aidez pouvez bien dame. » Monseigneur « . , , - , emporte son tique, d une guirlande souple et em- i 0 gue Si elle baumie. c’est'qu’elle lette doit être placée dans un vase sans eau et sécher en exha¬ lant toute son âme embaumée. Si elle plante son bouquet là et songe à autre chose, mau¬ vais signe....",Femina_1908-10-15_femina186-1908.txt,Éditorial
"Un maun, où, par hasard , le Bois était moins peuplé que de coutume, ils osèrent un instant relâcher leur attitude , « quitter la pose » et, l'un laissant tomber son monocle, l’autre écartant la plume de son chapeau, ils purent se considérer et échanger ire phrases d'habitude trop longues pour l'esthétique.",Journal_des_dames_et_des_modes_1913-03-01_journal-des-dames-et-des-modes-1-marzo-1913.txt,Éditorial
"Est supprimée instanta¬ nément par la Ceinture ANNEAU. Écrire : '40, vue d'Arçont,Paris. — Mme CHOVEAU envoie méthode pour faire disparaître les vergetures du ventre et rides les plus anciennes. L’OBÉSITÉ SHADEINE pour recolorer les Merveilleuse — - préparation anglaise CHEVEUX GRIS et les cheveux fanés. Pré¬ parée pour toutes nuan¬ ce» : bloii'l, eliiltuin rlair, châtain foncé.brun.noir, roux et doré.",Femina_1908-10-15_femina186-1908.txt,Publicité
"— ont aussi plié soigneu¬ sement leurs toilettes d'été, les robes de toile blanche, pareilles à des lis un peu rigides, celles de linon blanc, pareilles à des jasmins et à des tubéreuses, celles qui sont mauves comme des anémones, celles qui sont couleur de ciel, ou cou¬ leur de mer ou couleur de nuage, enfin toutes les robes couleur du temps, du temps d'été.",Femina_1908-10-15_femina186-1908.txt,Éditorial
"Robe vieux rose revoilée de tulle. Empiècement de dentelle souli¬ gnée d’une broderie d’or voilée, la toilette que nous montre cette jeune femme si vivement intéressée par la musique. Robe de satin 'vert, voilée 479 LA FEMME KeSèwinnieîniî d® De très grandes œuvres sont nces dans un tout petit berceau.",Femina_1908-10-15_femina186-1908.txt,Éditorial
"La troisième est une tunique de liberty blanc qui se simplifiera par un joli ourlet à jours à la hauteur de la partie supérieure de la broderie Sim plice. THÉÂTRE FEMINA LES MATINÉES IP OUÏR IL A JEUNESSE Tous tes Jeudis, Dimanches et Fêtes à 2 h. 1/2 & (A partir du Dimanche 18 Octobre) JET Où conduire les enfants sages, et même ceux qui, tout simplement, ont promis d’être sages ?",Femina_1908-10-15_femina186-1908.txt,Éditorial
"On peut voir aussi l’Ecossais aux mollets nus et le Yankee à barbiche postiche . Ces personnages sont maquillés , arborent un charmant sourire au public et , grâce à eux , le théâtre descend dans la rue. Ils jouissent de l’approbation universelle , même de celle des ser- gents de ville qui n’ont pas beaucoup de sujets de distraction .",Journal_des_dames_et_des_modes_1913-03-20_journal-des-dames-et-des-modes-20-marzo-1913.txt,Éditorial
"FERNAND VANDÉREM. SAN A AR AR AN VE RAA AA, POUR TRIO EN DRM LE TE M PS IME TRI Beaucoup de dames ne lisent que les cinq où six ouvrages que donnent annuellement les écrivains consacrés. Cela leur permet de faire figure et cela leur donne , selon l’expression de certains communiqués, des sujets de conversation, Il ne faut pas les blâmer d’aider au triomphe permanent des maîtres de la littéra- ture actuelle.",Journal_des_dames_et_des_modes_1913-01-20_journal-des-dames-et-des-modes-20-gennaio-1913.txt,Éditorial
"4^2 Robe du soir pour jeune fille en mousseline de soie « citron », tunique drapée et maintenue par une écharpe drapée passant sous le bras droit pour venir se nouer sur le côté en un nœud souple à pans terminés par des glands de passementerie. Robe de tulle blanc. La jupe à trois volants est maintenue à la taille par une ceinture de liberty « pétale de rose » tombant sur le devant de la jupe. Corsage s'ouvrant sur guimpe de dentelle. Décolleté et manches bordés d'une petite couronne de roses.",Femina_1908-10-15_femina186-1908.txt,Éditorial
"On put insulter le chrysanthème, trop bien nourri, large comme un chou, bête à concours ; qui oserait toucher à la violette, sinon les faiseurs de ro¬ mances et pour la glorifier. Daisy. .— 488 Roman inédit par J. MARNI W #• & J a i trouve un moyen assez ingénieux, dit Frédé'ic après un court silence, pour esquiver toutes les parties d’auto qui me sont proposées. — Quel moyen ? interrogea Elise.",Femina_1908-10-15_femina186-1908.txt,Éditorial
"e c laque XIX ÉCHOS DE “FEMINA NOTRE CORBEILLE A OUVRAGE T Es abonnées de notre édition d’ouvrage 9 ^ trouveront aujourd’hui, encartés dans leur numéro : i° La Corbeille de Femina, supplément ' de quatre pages illustré, contenant la description détaillée des dessins décalqua* blés et du patron découpé que nous leur offrons ; 2° Un dessin décalquable d’un napperon en broderie anglaise et dentelle et d’une cravate brodée. 3° Le patron découpé d’un corsage.",Femina_1908-10-15_femina186-1908.txt,Éditorial
"Un honnête homme ne doit pas transiger sur ces questions de tact. D'LE SUR IUDRE TS TA LORELA INC Je parie tout ce que vous voudrez qu’à ses débuts , Rivarol (ou Chamfort ou n'importe qui de ces illustres) devait être un homme de salon parmi ses confrères les autres hommes de salon. Il ne devint homme d’esprit que le jour où quelqu'un se pencha mystérieusement vers sa voisine et lui dit à l’oreille : (Ç Qu'il est fin ! Quel causeur !",Journal_des_dames_et_des_modes_1913-03-10_journal-des-dames-et-des-modes-10-marzo-1913.txt,Éditorial
"À Paris, c’est, dans un des coins perdus d'Auteuil, un vieil hôtel fin xvin*, à jardins. Le salon-cabinet de travail, par la blancheur ivoirine de ses murs et de ses boiseries, l’austérité luisante du parquet sans tapis et de quelques meubles vieillots, dévotement rococos, par sa cheminée en autel avec ses candélabres flamands, fait penser à une cellule d’abbesse; mais des gravures rares, des Tanagras, un grand désordre de musique, un piano, disent les préoccupations d'art.",Femina_1901-03-01_femina1-3.txt,Éditorial
"L’adapta- tion, tout à fait imprévue des plumes de paon, est une inspiration heureuse et les œils, qui miroitent sur la plume, rappelés par des opales superbes, ont un charme mystérieux et pénétrant. De Fontana frères, cette palme si ténue, si légère, en pure joaillerie style moderne, d’un fin et délicat dessin.",Femina_1901-03-01_femina1-3.txt,Éditorial
"60, Chaussée d'Antin, 60 PARIS Téléphone : 323-56 Madame BELLANGER la créatrice des corsets STELLA rappelle aux lectrices de P emina qu’elle travaille à des créa¬ tions sensationnelles qu’elle leur présen¬ tera au moment de ses agrandissements, en Dé¬ cembre prochain, 47, Boulevard Haussmann (à l’entresol), en face les nouveaux Magasins du Printemps, ou plus de io salons d’essayage se¬ ront à leur disposition.",Femina_1908-10-15_femina186-1908.txt,Publicité
"Ils ne songeaient qu’à conquérir l’or : elle ne s’occupe qu’à le dépenser. C’est sa façon de s’instruire, et le monde étonné devant ce type nouveau, une aventurière qui a de l’argent, se demande : _ A-t-elle un cœur, cette fille singulière, fleur nouvelle d’un sol neuf ? Et si elle est capable d’amour, qu’est-ce donc qui la touche ?",Femina_1908-10-15_femina186-1908.txt,Éditorial
"itm s ET SURTOUT Il suffit d'en avoir porté un seul pour • Corsets Cadolle la femme acquiert une li * qU ^ ^ 4 une ligne exquise tout en ayant - 1-- eu ayaui L j Gantelet ji fj/lh r% 4- * « ^ Corset en tissus tricot moulant admira- ' l OCTte UnSOlUe de tOUS le A + blement le corps, convient pour i a robe Sur . ""tOUVemetltS princesse. bur s,mnle leur» „<r-u.-_ -—’ » * » § Catalogue illustré tt conl h ' e ’ reçoit ’ franco de tous Rais, un grand -- ?",Femina_1908-10-15_femina186-1908.txt,Publicité
"— Parce que, avant tout, je veux épouser ce que nous appelons en Amé- rique « a self made man », un homme qui s’est fait lui-même, qui ne doit pas sa personnalité à papa, à maman, à une position ou à sa femme. — Ettu ne trouverais pas cette sorte d'homme en France ?.… — Plus difficilement que là-bas.",Femina_1901-03-01_femina1-3.txt,Éditorial
"Ce qu’il y aura de plus nouveau, de plus fantaisie aussi, ce sera le pékiné noir et de couleur « rayures prises sn biais >>, formant seulement un côté de la robe tandis que l’autre côté sera recouvert d’une longue tunique de liberty noir. Très chic, sans doute, mais fort difficile a porter. Les autres étoffes qui connaîtront la vogue, sont le metcor, le satin souple, beaucoup de crêpe de Chine, moins de velours.",Femina_1908-10-15_femina186-1908.txt,Éditorial
"La vulgarité de cette fête est telle que pas un homme de goût, pas une femme soucieuse d'élégance ne consen- tiraient à se montrer sur le boulevard le jour où la basse pègre, alliée à la basse plèbe sortent de leurs tanières faubouriennes pour la célébrer avec l’allégresse dont je viens de relater quelques signes. Les honnêtes gens, ce jour-là, se tapissent chez eux.",Journal_des_dames_et_des_modes_1913-02-10_journal-des-dames-et-des-modes-10-febbraio-1913.txt,Éditorial
"Je vois que vous avez la peau trés séche; il est malheureux que vous l'avez laissée en arriver là, il sera plus difficile de vous rendre le teint que vous souhaitez. [l faut nourrir votre peau, lui rendre la souplesse par des lotions d'huile et des massages graisseux ; essayez aussi de lavages d’eau tiède, pas trop chaude, infusée de fleurs de camo- mille. Mais si vous veniez à Paris, vous seriez convaincue par les résultats de massages spéciaux qui sont faits journellement, 4, rue de la Paix.",Femina_1901-03-01_femina1-3.txt,Éditorial
"pardon, répondit la maîtresse de maison, vous oubliez que ceci est du Langdale linen. — Et ma redingote, ajouta le maître de la maison, est du drap de Saint- George’s Guild ». Le Langdale linen venait du Westmoreland où l'on avait fondé un ouvroir s’occupant de filer le lin avec de vieux rouets et de tisser la toile sur de vieux métiers. Le drap de la redingote arrivait du moulin de Saint-Georges, dans l’île de Man, où l’on carde la laine, où l’on tisse le drap.",Femina_1908-10-15_femina186-1908.txt,Éditorial
"C’est bien simple : rien, rien du tout — et ce sera double¬ ment raisonnable — puisque nous avons convenu, puisque même nous proclamons hum¬ blement que toutes les modes sont par faites, surtout celles dont l’ensemble est fait des dispara¬ tes les plus audacieuses _ puisque par surcroît nous savons par expérience que tout ce que nous tenterions serait vain. Flossïk. LE GRAND CHAPEAU DE LA TANAGRÉENNE Plus le chapeau est grand plus la robe est étroite : réalité et effets d'optique.",Femina_1908-10-15_femina186-1908.txt,Éditorial
"mais, moi, je suis USER LL NaPoL#on.— Moi aussi! ..... C’est pourquoi je ne trouve pas que cetie petite bonne femme , qui s’engouffre en coup de vent dans le théâtre des Variétés, le turban sur l’œil et l’aigrette derrière l’oreille , vous ressemble en quoi que ce soit..... MME DE RÉMUSAT (avec un soupir). — Oh! les turbans !... Ils nous allaient si bien !... MME DE STAËL (elle frétille aux souvenirs d'autrefois). — Oh Lout!.-s#bienl,. 2 NaPpOLÉON (à Chateaubriand).",Journal_des_dames_et_des_modes_1913-01-10_journal-des-dames-et-des-modes-n.23-10-gennaio-1913.txt,Éditorial
"A la gouache il faut au contraire viser à une parfaite unité de .ton qui produira l'effet d'une sorte de mosaique. On accentuera cet effet en grossissant le trait qui dans tous les cas sys nl st A tu, | 2 # L . ‘ * 0 \ mn ass \ . L . . . és L LS . du “Le + ES . Cut en Fig. 2.— LA POMME DE TERRE. ER"" Lens Fig. 1.— Le NAve doit être tracé à l'encre de Chine.",Femina_1901-03-01_femina1-3.txt,Éditorial
"Mais savez-vous ce que j’ai sous les yeux ? Une carte postale, — une modeste carte pos¬ tale, sur le bord de laquelle je lis ces mots : Vaso Romano. Museo del Vaticano. Et, quand j’y pose mes regards, j’ai peine à les en détacher pour revenir à ce que je vous écris là.",Femina_1908-10-15_femina186-1908.txt,Éditorial
"Ses yeux se plissaient, son sourire s’aiguisait, son si¬ lence devenait inquiétant, subtil, et la moindre phrase qu’on lui adressait prenait une signification savoureuse, à être écoutée ainsi. On lui en savait gré, n’est-ce pas ? Et c’était bien juste. Enfin, il ne disait jamais de mal de personne. Vous paraît-il que ceci n’ait aucune importance ?",Femina_1908-10-15_femina186-1908.txt,Éditorial
"des titulaires de ces gracieux magasins d’un jour : Comptoir n° r (qui porte le beau nom de Comptoir d’Alsace-Lor- raine) : les deux titulaires, Ms Kæchlin-Schwartz, présidente de l’œuvre,et A. Hengel. Elles sont assistées de M Engel, Ducos, Gallay, Hartmann, Kæchlin, Lauth, Le Joindre, Lœw, Marozeau, Oulimont, Ruel, Siegfried, Suss, Thierry-Mieg, Viallet, et de Ms Noiriel, Peter, Yung. Es | Comptoir n° 2.— Titulaire: M Ch. Brun, vice-présidente.",Femina_1901-03-01_femina1-3.txt,Éditorial
"Mais tout en se passionnant aux péripéties du drame, il se sentait peu à peu caressé par Le souffle de la beauté, il s’accli- matait à la poésie , et finalement , au dernier acte, le plus « dur », le plus hermétique de l’œuvre , ce fut là qu’il applaudit du meil- leur cœur. Grand succès donc pour Mme Lara, l’admirable et douce Vio- laine, justement récompensée d’avoir cru à l’œuvre . Et grand succès aussi pour M. Claudel qui a passé triomphalement la rampe des boulevardiers .",Journal_des_dames_et_des_modes_1913-01-01_journal-des-dames-et-des-modes-n.-22-1-gennaio-1913.txt,Éditorial
"Plus de calottes basses et les nuques à découvert! Voilà qui contrariera singulièrement celles de nos élégantes dont le visage un peu fané s’accommodait fort de cette mode propice aux demi-obscurités . AAA AR AR AAA AA AAA AA LE CoMTE D’A. Celui dont j'ai résolu de vous parler est un homme incroyable. Et cependant, sauf moi et quelques familiers auxquels il accorde la faveur de son commerce et dont il s’entoure ainsi que d’un rempart, nul ne le connaît. Paris ignore son nom.",Journal_des_dames_et_des_modes_1913-02-10_journal-des-dames-et-des-modes-10-febbraio-1913.txt,Éditorial
"C’est au bénéfice de la dignité humaine, de la santé, et de la beauté esthétique. Nous n’avons donc pas à préconiser les avantages provenant d’habitudes d’hygiène pour la toilette, tout le monde est d’accord sur ce point. Mais il n’est pas indifférent de renseigner toutes celles que la question intéresse, et elles sont la multitude, sur la meilleure manière de conserver indemnes les agréments naturels, et même, au besoin, de les restaurer.",Femina_1908-10-15_femina186-1908.txt,Éditorial
"AV VII AN A A VE LR VE ARR UE VE VU AIM LU AR RAR AR LR DR RON AL AR RAA AR ALAN AR ARR RAR PAPERS: Ge 262 évrier, Tor Alcippe est dans son cabinet de travail; devant lui de multiples paperasses , rapports , statistiques , devis dans lesquels il essaie de se débrouiller; d’un crayon hésitant , il aligne des chiffres, ébauche des fractions, des règles de trois, voire des racines carrées . Il est si préoccupé qu'il en a laissé éteindre sa cigarette .",Journal_des_dames_et_des_modes_1913-03-01_journal-des-dames-et-des-modes-1-marzo-1913.txt,Éditorial
"Mais on linterrompt : — Halte-là! Oubliez-vous donc, cher monsieur , que je vous ai téléphoné pour vous dire que 1 ‘aime mon mari ? Et tout à trac, voilà la communication coupée. Alcippe en reste navré ; vexé Comme un renard qu'une poule aurait pris. Quoi, déjà ne la jolie, la rare aventure ! C'est la dernière distraction inventée par nos dames. Au hasard.",Journal_des_dames_et_des_modes_1913-03-01_journal-des-dames-et-des-modes-1-marzo-1913.txt,Éditorial
"Henry Berns¬ tein, et la Tragédie royale, de M. Saint-Georges de Bouhélier. Est une des artistes qui savent le mieux adapter leur toilettes au caractère de leur beauté et les associer à leurs râles. sa loge, mettre son costume, tout en prenant part aux riants bavardages amicaux. Est-ce de quel¬ ques coups de baguette qu’elle s’habille PPresque. On aperçoit autour d’elle quelques belles étoffes informes.",Femina_1908-10-15_femina186-1908.txt,Éditorial
"Les potiers de nos villages avaient de glorieux ancêtres dans cette lumineuse et loin¬ taine Attique qui mit sur d’humbles œuvres un reflet de beauté, de sorte que nous pensons pres¬ que involontairement à des poteries, à des lampes, à de minces ustensiles de la vie quotidienne, lors¬ que le poète Pindare nous parle de ces délicieuses choses qui sont en Hellas.",Femina_1908-10-15_femina186-1908.txt,Éditorial
"Des (2388 ) consommateurs bénévoles, jaloux peut-être de voir l'attention publique s'attacher à eux, leur offrent au passage le vermouth de l’admiration : «L’amitié d’un grand homme est un bienfait des dieux. » le bonisseur n’est pas fier. Mais hélas! il n’a plus l'attrait de la nouveauté . Il commence à passer inaperçu . Alors , de sa propre initiative, il tente des efforts inédits. Il met un monocle . Il risque une perruque supplémentaire .",Journal_des_dames_et_des_modes_1913-03-20_journal-des-dames-et-des-modes-20-marzo-1913.txt,Éditorial
"Au lieu qu’un lévrier greyhound prend tout à la course , et même , quelquefois, la Fortune. 1142222227 Les jours de coursing , Leurs Altesses Elégantissimes sont exquisement vêtues . Leurs redingotes coupées à miracle mon- ( 179 ) trent les plus vives couleurs. Ils ont leurs couturiers. Paul Poiret, par exemple, les comprend assez bien. Bakst. leur cherche des étoffes qui tranchent à souhait sur la teinte de leur poil et l’horizon de la plaine , au Tremblay.",Journal_des_dames_et_des_modes_1913-01-10_journal-des-dames-et-des-modes-n.23-10-gennaio-1913.txt,Éditorial
"J’en ai vu qui lui étaient identiques, et peut-être l’ai-je vu lui-même, reproduit en pâte tendre de Sèvres, ou bien en porcelaine de Saint-Cloud, avec sa collerette et ses anses en bronze doré. Elle m’apDrend, -— cette carte dos- tale, — si je ne le sais déjà, que l’insoiration d’une époque toute de grâce frcle et de légèreté fut em¬ pruntée à cette Rome majestueuse, écrasante, dont le génie semble tellement disproportionné au sien.",Femina_1908-10-15_femina186-1908.txt,Éditorial
"Ce costume a ceci de très singulier que , sur une dame debout ou assise. il paraît, en somme, assez banal et qu'ilne prend son véritable cachet qu’alors que la dame qui le porte est agenouillée. On le recommande donc aux belles pécheresses chez qui le souci du salut n’abolit pas tout souci d'élégance ou vice-versä.",Journal_des_dames_et_des_modes_1913-02-10_journal-des-dames-et-des-modes-10-febbraio-1913.txt,Éditorial
"A supposer que, demain , tous les habitants de la terre fussent mis dans des con- ditions d’exacte égalité , il y aurait les capables et les incapables, les économes et les prodigues, les travailleurs et les paresseux : les uns prospéreraient , les autres péricliteraient et il ne faudrait pas longtemps pour qu'il y eût, comme devant, des riches et des misérables.",Journal_des_dames_et_des_modes_1913-02-20_journal-des-dames-et-des-modes-20-febbraio-1913.txt,Éditorial
"— Vous avez perdu, je crois, votre ami et professeur, M. Luisant ? — Oui... — Il habitait un chalet dans la montagne, d’où l’on avait, je me le rappelle, une vue admi¬ rable. — Nous y avons goûté la semaine dernière, papa. Et, après, nous sommes allés voir la cas¬ cade du Liéli. La connaissez-vous ? — Non. J’ai vu celles du Risleten que l’on va visiter en barque, nous y sommes allés en¬ semble, n’est-ce pas, Stalder ?",Femina_1908-10-15_femina186-1908.txt,Éditorial
"Mme Jean Peyroutet, Oloron. Mlle Liliane Verdure, Carpen- tras. — Mlle Paule Tonnelier, Nîmes. — Mme Eugène Cories, Nantes. — Mme Léon Jurieu, St-Nazaire.— Mlle Biaise, Pont-a-Mousson. (A suivre.) QUI FAIT LA RÉPUTATION MONDIALE DES CORSETS CADOLLE "" IYLDP.ntp'nv An, _ _ Inventeur du Corselet-Gorge, breveté en France et à VÉtranger Rsq'uenes'n n’v U ÜS ', em P lissent ces trois conditions sans lesquelles ,1 n y a pas de bon Corset : Les O,™* Cadolle son. SOUPLES ESTHÉTIQUES £ fins <3 TRÈS PARIS?",Femina_1908-10-15_femina186-1908.txt,Publicité
"Il ne dédaigne pas de répondre aux lazzis des mitrons . Car on ne fait plus cercle autour de lui. Hélas ! Tout passe, surtout à Paris! A peine si les badauds lèvent la tête au ronflement d’un dirigeable ou d’un aéroplane ! Il faudra trouver autre chose . Attendez. Les bonis- seurs apprendront des rôles qu'ils réciteront à la foule . Ils feront la parade. Une louable émulation les incitera à surpasser le voisin en esprit et en facéties.",Journal_des_dames_et_des_modes_1913-03-20_journal-des-dames-et-des-modes-20-marzo-1913.txt,Éditorial
"— Ces dames ont raison, repose-toi, sœur chérie ! — Vous plaisantez, je pense ? riposta Mlle Stal¬ der. Et un bon sourire découvrit ses dents écla¬ tantes. — Renoncer à notre promenade, à notre goû¬ ter ? à nos kraffen ? Je ne m’en consolerais ja¬ mais... ni vous non plus... d’autant, qu’il fait un temps admirable et que de « la Maison d’Etu- des », vous pourrez apercevoir les Mythen, ces pics dont un seul est visible de Beckenried.",Femina_1908-10-15_femina186-1908.txt,Éditorial
"Outre ces conférences nous avons pré¬ paré six magnifiques fêtes d’art, mani¬ festations musicales et littéraires de * tout premier ordre, qui tant par les sujets choisis que par les artistes qui les feront valoir, seront pour leurs heu¬ reux assistants la source d’inoubliables et pures sensations d’art. Elles traiteront de la Mélodie, de la Pantomime, de la Valse, de la Chan¬ son, etc. Enfin, nous organiserons er.",Femina_1908-10-15_femina186-1908.txt,Éditorial
"Toutes les catastrophes financières traînent après elles des misères ignorées, font des déclassées, des dévoyées ou des vieilles filles. Le père, les frères s’en tirent tant bien que mal. Seule, Yvonne , Marthe ou Suzanne est sacrifiée . Elle fera du tricot à trente sous par jour ou de la dactylographie , ou encore elle donnera des leçons. Mlle G. R...",Journal_des_dames_et_des_modes_1913-02-20_journal-des-dames-et-des-modes-20-febbraio-1913.txt,Éditorial
"De chaque côté, une cascade de liberty, à laquelle une frange de violettes inégales et très lichées viendra ajouter sa grâce, jabotera sur les menues menottes qui s’enfouiront dans la tiédeur embaumée de cette délicieusement inu- tile coquetterie.",Femina_1901-03-01_femina1-3.txt,Éditorial
"Une ravissante broche gui avec 2 perles fines. Une superbe paire de boutons à chaî¬ nette, olive et fleurs. Une belle épingle de cravate tête de chien ou de cheval. Une splendide épingle de cravate avec tête d’animal. 4° Enfin, les abonnées jouissent encore des avantages suivants : i° 11 est répondu gratuitement à tout renseignement demandé par nos abon¬ nées (les acheteurs au numéro doivent joindre o fr.",Femina_1908-10-15_femina186-1908.txt,Éditorial
"très haut protég bien le cou, la manche serree au poignet donne chaud rien qu'en la regardant et grâce à a souplesse de la lame, tout en restant * bien en forme - , le manteau se mol de la açon la plus charmante; est-il besoin de vous dire que ce vêtement s'adapte à toutes lès èa'longueur! ^ ^ P*™, soit 4 2. 44 . ^etc, aTnÏi q ue J’aborde maintenant la question de prix et vn„ e „ ... n r A . A . .",Femina_1908-10-15_femina186-1908.txt,Éditorial
"Puis, de chez le four¬ reur, on a fait revenir les fourrures, et, non sans quelque heureuse petite fièvre, on est allé chez le couturier s’enquérir des modes nouvelles, chez la modiste, savoir si les chapeaux préféreront le style à l’extravagance, ou bien si les deux seront permis, si, un jour, on pourra choisir d’avoir de l’allure, et le lendemain, se plaire à n’avoir que du « chic », ce qui est une amusante façon de se varier soi-même, et aussi un moyen d'échapper au crayon dérouté des terribles caricaturis¬ tes.",Femina_1908-10-15_femina186-1908.txt,Éditorial
"Prière d'adresser à Madame Blanche Leigh, Femina, 370, rue Saint-Honoré, avec indication de pseudonyme pour la publi- cation. S. L... (Loire-Inférieure). — J'espère, Madame, que vous reconnaitrez vos initiales. Contre les petits boutons rouges, vous laver le visage le soir avec de l'eau tiède ädditionnée d’une très petite quantité d'acide borique et faire usage du savon Spécial antiseptique BI. Leigh Transvaal.",Femina_1901-03-01_femina1-3.txt,Éditorial
"C’est alors que la femme apparaît, dans le rayonnement de sa gloire et de sa beauté, parée de ces bijoux nouveaux ; fleurs auxquelles elle donne le parfum, figures animées, allé- gories poétiques, idéales inspirations syn- thétisées par la luxuriante palette des émaux, par la diversité des ors, par les gemmes multiples. Le Bijou s’adapte à notre état d'âme. Il est discret et sobre avec les costumes du matin, pimpant et magnifique l’après-midi, il s’é- panouit le soir dans toutes ses splendeurs.",Femina_1901-03-01_femina1-3.txt,Éditorial
"D'ailleurs, qui jurerait que les grill-room parisiens n’ont pas honte d'eux-mêmes et que ce n’est pas pour cette raison qu'ils se dissimulent platement dans les caves de nos plus bruyants € palaces » ? N; (2929 Art et Nouveautés. Le Salon des Artistes Décorateurs vient d'ouvrir. On ya retrouvé les mêmes vases en sucre colorié de M. Decorchemont, le même éternel pot en beurre frais de M. Decœur, les mêmes petits objets de cotillon de M.",Journal_des_dames_et_des_modes_1913-03-01_journal-des-dames-et-des-modes-1-marzo-1913.txt,Éditorial
"Je vais tâcher de \ous le dépeindre de mon mieux, mais j’aurai du mal, avec de simples mots, à vous donner une idée exacte de l’extrême sou¬ plesse, de la douceur et de l’élasticité prenante de ce manteau. Il est entièrement fait au crochet ou en tricot avec de ces laines inimi¬ tables dont La Pensée semble avoir le mono¬ pole.",Femina_1908-10-15_femina186-1908.txt,Éditorial
"Voyez le côté des chiens de chasse, leur maitre les vient voir surtout pour vanter leurs qualités à ses con- frères en saint Hubert, tandis que du côté des chiens dits de garde ou d'appartement, les maîtresses sont là pour apporter des gâte- ries à leurs bons toutous, pour les venir caresser, pour leur tenir compagnie, afin qu'ils ne sen- nuient pas trop, les pauvres, dans les cages, vraies prisons, où ils pa- raissent tout dépaysés.",Femina_1901-03-01_femina1-3.txt,Éditorial
"Ce produit a la propriété d’extirper des interstices de la peau les matières miiçihïpQ à H sécrétion des glandes sébacées et de favoriser ainsi la lubréfac- tion de l^derme; Alors seulement la peau possède la pureté absolue qui garantit la clarté du teint, et l’empêche de s’écailler. Le Tonique Diable Ganesh raffermit et satine le grain ; de plus, appliqué au-dessous de la paupière, il efface le bistre et les bouffissures.",Femina_1908-10-15_femina186-1908.txt,Publicité
"La LR Ar, F2 _: Composé spécialement pour FEMINCA. a — —. NN le ml 5 TT CAN ER ——25 9 = +: FR EE] | M! de Barcarolle. La va. gue glis - se, somnolen - -. te, Hou! Andantino .",Femina_1901-03-01_femina1-3.txt,Éditorial
"Si son gilet est tel , il doit porter le pantalon sembla- ble à son vêtement, et si, au contraire ,il choisit un pantalon de fantaisie ,il mettra un gilet semblable à son vêtement . Ainsi le veut le bon goût. L22222222 Il est de mauvais goût de mettre de la fantaisie dans la sus- cription des enveloppes de nos lettres . C’est manquer de res- pect à la personne a qui l’on écrit que d'y mentionner la ville, la rue et le numéro de la maison qu’elle habite apant son propre nom.",Journal_des_dames_et_des_modes_1913-03-10_journal-des-dames-et-des-modes-10-marzo-1913.txt,Éditorial
"Elle la prenait, la faisait voleter, paraissant y toucher à peine, posait trois ou quatre épingles, et c’était une dra¬ perie idéale. Pour tous ses costumes, elle a la même certitude, la même facilité géniale. Et, tou¬ jours, tout est ménagé de manière à ce que sa sou¬ plesse garde sa merveille d’indépendance, de sua¬ vité. Presque rien n’est cousu d’avance ; ses robes sont attachées sur elle comme de grands pétales indéchirables de fleurs fabuleuses, retenus avec des agrafes de bijoux.",Femina_1908-10-15_femina186-1908.txt,Éditorial
"MES CONSEILS L’élégance suprême d’une femme étant dans la ffnesse et la blancheur de ses mains, nous leur devons donner des soins quotidiens, et ne pas oublier que pour em¬ bellir les mains du pape Léon X, un moine, don Del Giorno, inventa la Pâte des Prélats, dont la recette a été pieuse¬ ment conservée par la Parfumerie Exo¬ tique, 35, rue du Quatre-Septembre. Avec cette pâte, vous aurez peau blanche, lisse et satinée.",Femina_1908-10-15_femina186-1908.txt,Éditorial
"Si Thaïs, la petite mo- - — mie du musée Gui- met, ranimée par un sorti¬ lège, sortait de son sommeil millénaire, arrachait ses bandelettes et revivait parmi nous, elle aura t ces mêmes ’ gestes qui depuis que les fleurs fleu¬ rissent, inclinent vers les corolles embaumées des narines gourmandes et des lèvres souriantes.",Femina_1908-10-15_femina186-1908.txt,Éditorial
"Sa conversation n’étourdissait personne ; il n’affectait en rien l’éloquence entreprenante et agressive des bavards prétentieux, qui parlent sur tout et toujours ; non, mais il excellait à répondre, en quelques mots qu’on avait peine à remarquer, tant ils témoi¬ gnaient d’une pudeur charmante de sa pensée.",Femina_1908-10-15_femina186-1908.txt,Éditorial
"Il sait bien, cependant, l’homme sérieux, qu’un autre complet bleu le vêtirait aussi bien ; il ne compte pas sur le complet marron pour l’aider à des conquêtes ; LECTRICE Paradoxes mais ce simple changement de couleur 1 égaye, l’amuse, l’incite à porter avec plaisir sa nouvelle vêture. Moralistes, rhéteurs, ne vous insurgez pas avec trop d’éloquence contre ce besoin humain de « changer pour changer ».",Femina_1908-10-15_femina186-1908.txt,Éditorial
"Stalder emmenait Marie-Thé¬ rèse faire de longues excursions ; souvent, ils partaient ensemble, à l’aube, pour revenir fort tard dans la soirée, sans que Mlle Stalder en parût surprise. Il n’en était pas de même d’Elise, dont l’édu¬ cation française n’admettait pas les continuels tête-à-tête de sa fille avec un jeune homme.",Femina_1908-10-15_femina186-1908.txt,Éditorial
"— Les demandes trés nombreuses de specimens du journal qui nous parviennent nc nous permettent d'y répondre que si elles sont accompagrées de la somme de 50 centimes pour Ja France ct 75 centimes pour l'étranger (en:nan- dai ou tinibres-poste), Yvonnette, r5 ans, Monte-Carlo. — Robe empire, météore plissé opale. Col tombant, linon ancien incrusté valenciennes ambrées. Grarde capeline souple assortie, jonchée roses de mai blanches ou rosées à peine. Même toilette pour petite Germaine. Me de V.",Femina_1901-03-01_femina1-3.txt,Éditorial
"en fin linon sont dans la catégorie des chemises du soir habillées. Les femmes de France ne portaient que des chemises de toile gros- Le n° 4 est en batiste plus forte d’un genre plus sobre, bien que fort sière ou de serge. Ce fut Isabeau de Bavière, l'arbitre des élégances soigné, pour chemise de ;aur. Le n° 5 est en fine percale, certaines person- nes tiennent à porter du coton en été. Le n° 6, chemise à l'enfant, va au- devant de la mode qui nous ramène vers les toilettes Empire.",Femina_1901-03-01_femina1-3.txt,Éditorial
"— 3JP îr XXVil XXVII AUTARD Castiglione Toutes les femmes désireuses d'être jolies, de retrouver leur beauté d’antan ou de régulariser leurs traits jeunes mais imparfaits* doivent s’adresser à Autard dont la merveilleuse décou¬ verte est en train de bouleverser le monde. Une visite s'impose. La jeunesse est retrouvée en 4 f 12 jours. Son traitement est unique 4 * Succursale à NEW-YORK } West 29 th st B ROADWAY André N R A R LA COIFFURE DIRECTOIRE POUR LES GRANDS CHAPEAUX 6. Frisures Directoire.",Femina_1908-10-15_femina186-1908.txt,Publicité
Notre Questionnaire intéressant a certaine¬ ment justifie1 son titre et intéressé prodigieuse- men nos lectrices. 11 nous a valu un très graml nombre de réponses nous proposant des amé liorations fort ingénieuses dont nous ferons notre profit en temps et lieu. Nous publie™ * . ans notre prochain numéro les noms de r dil de nos correspondantes que le \irua* cules aura favorisées. 1 Urd ^ e au sort Simone d’Ax.,Femina_1908-10-15_femina186-1908.txt,Éditorial
"— Sur les robes à danser on voit de grandes manches en mousseline de soie bordées de strass , qui, dans le tournoie- ment des valses et les excentricités du tango ; s’envolent avec une telle légèreté que, déjà, les élégants les ont surnommées les manches ee de libellules.",Journal_des_dames_et_des_modes_1913-03-20_journal-des-dames-et-des-modes-20-marzo-1913.txt,Éditorial
"On apporte le nouvel appareil, superbe en sa boîle d'ebenisterie fine, solide autant qu'elegaute; on dresse le pavillon de crislal fin, aux reflets d'opale précieuse; un tour de clef, et aussitôt, clai- ronnante etgiave éclate la Warche d'Aïda….,chacun est emerveillé; on crie: bis! encore! Voici main- tenant la voix chaude de M. Fournets, de l'Opéra, qui chante la Serenade de Faust..….; puis nous entendons la cha: manie romance ‘C'était un Réve,” chantee par M.",Femina_1901-03-01_femina1-3.txt,Publicité
"Entre temps, elle dessine elle-même ses robes de ville, de concert, tou- jours simples, d’une ligne moyenâgeuse, sirénéenne par l'allongement, et ses costumes de théâtre où elle met le plus grand souci d’exactitude. Pour Charlotte Corday', elle a consulté M. Georges Cain, à Carnavalet, M. Du- feuille, et Versailles; puis, a cherché partout étoffes et rubans purs Louis XVI et Révolution.",Femina_1901-03-01_femina1-3.txt,Éditorial
"Mon grand ami, mal- gré sa prodigieuse originalité, ne peut cependant pas prétendre à celle du nom monosyllabique . En effet, nous sommes forcés, dès que nous lisons ou prononçons celui-ci, de nous souvenir d'un autre nom d’une aussi impressionnante brièveté, celui du Comte d’O qui fut, en son temps, mignon du roi Henri II et dont le désolant château , d’une nostalgique beauté, demeure intact encore au milieu des eaux assoupies où il plonge comme dans des chausses de vieux satin vert.",Journal_des_dames_et_des_modes_1913-02-10_journal-des-dames-et-des-modes-10-febbraio-1913.txt,Éditorial
"Si absurde, si illogique en soi qu’il paraisse, — nous ne lui devons pas moins presque tout ce qui fait la parure de la civi¬ lisation. Nous lui devons, d’abord, les styles d’ar¬ chitecture et de mobilier. Ce ne fut pas l’utilité qui les modifia, de siècle en siècle : un château féodal peut être adapté au plus moderne confort : c’est le cas actuel de presque toutes les demeures féodales qui subsistent.",Femina_1908-10-15_femina186-1908.txt,Éditorial
"I ucien Wurmser. Les classes de musique, qui sont sous la direction de M. Xavier Leroux, com¬ prennent encore le cours de déclamation lyrique et d’esthétique de Mme Héglon et les cours de chant de M. Jean Perrier, Mmes Isnardon et Jeanne Leclerc et Paul Hillemacher. Un cours de violon sera fait par M. A. Brun. Un cours de harpe sera professé par MM. Hasselmans et Martenot ; un cours de déclfiffrage sera dirigé par M. Wurmser. MM. Hillemacher.",Femina_1908-10-15_femina186-1908.txt,Éditorial
"En cinq teintes : blanche, rosée, rachel, peau naturelle et rouge pour le “ rosé des joues ” CIRE MONO Ne ressort jamais sous la poudre et idéalise le teint Sèche en trois minutes. — S’étale t^és facilement avec le doigt. — Blanchit la peau n -■ 1 1 1 1 ..... .° . ... peau sans la secher ni la graisser. __ Qualité rouge remplaçant les rouges gras. • — Bermol de braver la lumière éclatante des soirées, bal, etc... — Assouplit la sans la sécher ni la graisser. — Tient la noudre.",Femina_1908-10-15_femina186-1908.txt,Publicité
"Tout au plus, quelques-uns s’enhardissaient à regretter deux elfets scéniques un peu gros : le coup de canon annonçant la guerre , et le Chant du Départ qui suit. Je gage d’ailleurs que M. Lavedan , s’il eût prévu l’effet foudroyant de sa pièce , se fût abstenu de ces adjuvants matériels . Ils constituent une superfé- tation . Le texte à lui seul suffisait . À la sortie, néanmoins , des récalcitrants protestaient encore contre le thème de la pièce et les facilités qu'il offre aux auteurs.",Journal_des_dames_et_des_modes_1913-02-20_journal-des-dames-et-des-modes-20-febbraio-1913.txt,Éditorial
"C'est un petit chenil où l’on retrouve à peu près tous les échantillons de races que la vogue nous imposa tour à tour. Le plus vieux est un caniche aux trois quarts aveugle ex qui compte dix-huit automnes . Le plus jeune a dix ans : c’est Tub , mon fox-terrier . € Il était si alerte, madame s’en souvient, me dit Nanette; maintenant il ne peut plus marcher ; il est tout à fait ingambe ». Quand j'arrive, ils réunissent leurs pauvres forces pour me faire fête .",Journal_des_dames_et_des_modes_1913-01-01_journal-des-dames-et-des-modes-n.-22-1-gennaio-1913.txt,Éditorial
"Vous pouvez fuir à tout jamais au bras d’un homme Qui saura, celui-là, le goût de pluie et d’eau Sur la dernière rose et la première pomme Que doit avoir votre baiser... Il fera beau . .. Vous rêverez devant les îles Borromées , EI la lune sera la perle de la nuit, Et les brises seront calmes et parfumées ; Des pins musiciens on entendra le bruit...",Journal_des_dames_et_des_modes_1913-03-20_journal-des-dames-et-des-modes-20-marzo-1913.txt,Éditorial
"Toutes les salles sont, comme au rez-de-chaussée, séparées de la façade nord par une galerie-vestibule qui s’ouvre sur la terrasse rectangulaire, à balcon de Pierre, sur- |, montant le porche, d’où l'œil découvre la masse tour- mentée des montagnes, aux cimes blanches de neige. L'installation électrique est une merveille du genre. Il y a dans le palais, près de deux mille lampes de dix bougies qui fourniront, la nuit, une lumière aussi intense que celle du jour.",Femina_1901-03-01_femina1-3.txt,Éditorial
"La date d’ouverture de notre Conser- toire aura lieu dans la première semaine de novembre. Enfin, si j’ai omis des ren¬ seignements ou des détails que vous désirez connaître, écrivez de ma part à l’administrateur du Théâtre Femina, 90,Champs-Elysées, qui vous enverra une plaquette détaillée sur le Conservatoire. Maintenant, dans un autre petit coin (page XVI), je vous parle de nos confé¬ rences et de nos matinées.",Femina_1908-10-15_femina186-1908.txt,Éditorial
"Si tu en as entendu parler , envoie moi ici un flacon pour que je te revienne artificielle et gaie, pompeusement parée et prête à donner des successeurs innombrables au loulou noir qui t'envoie , dela patte, \ mille saluts affectueux . Julie. P. C. C. Henri DUVERNOIS. AAA AA AAA AAA A AAA LAVE À LA SCÈNE. Le tort de Kismet ç'a peut-être été son titre : Kismet, Desti- née. Là-dessus les cerveaux du monde des théâtres avaient k échafaudé tout un programme métaphysique.",Journal_des_dames_et_des_modes_1913-01-01_journal-des-dames-et-des-modes-n.-22-1-gennaio-1913.txt,Éditorial
"Ils se précipitent sur ces enfants de l'amour , choisissent un mâle et une femelle , et les nourrissent mystérieusement dans un vieux tonneau , sur le plateau de Châtillon . C’est ce qui s'appelle «fixer l’espèce » . Une (199) espèce est dite fixée , en effet , quand on en possède une douzaine d'individus, et pas plus ; car c’est à ce moment que ces individus atteignent la plus haute valeur . Quand , plus tard , elle s’est multi- pliée , on en donne gratuitement des petits à ses amis .",Journal_des_dames_et_des_modes_1913-02-01_journal-des-dames-et-des-modes-1-febbraio-1913.txt,Éditorial
"depuis 40 fr. 7. Torsade Directoire. — 30 fr. 8. Grappe Printania. — 6 lr. XXYlll XXVIII CONCOURS N° 398 ( Nouveau) Un pliage. II serait très facile à nos lectrices, en découpant les fragments de lettres contenus dans ce carré et en les réunis¬ sant, de former des lettres et avec ces lettres deux mots. Mais ce ne serait pas là tout à fait la solution du pro¬ blème.",Femina_1908-10-15_femina186-1908.txt,Éditorial
"La solution sera publiée dans notre Numéro du 15 avril prochain. Les cinquante premières con- currentes seront qualifiées pour le Concours d'honneur. DEVINETTE. clôture et celui de la publication des solutions. Nos conditions se trouvent, en conséquence, modifiées comme suit : Conditions des Concours Les Concours se succèdent sous des numéros d'ordre suivis. Chaque numéro contient au moins deux Concours nouveaux.",Femina_1901-03-01_femina1-3.txt,Éditorial
"— J'y consentirai, murmura-t-elle à travers le mouchoir dont elle tam- ponnait ses yeux, si tu obtiens de ton père qu'il n'entre jamais chez toi. Je ne veux pas que Jacques se plaise à regarder cette image. Un sanglot lui coupa la parole. On la devinait en proie à une si réelle détresse, qu'on la plaignait, malgré le côté comique de sa proposition et de toute la scène. Max — je le vis très bien — se retenait pour ne pas rire. Et cependant il ne tolère pas que personne contrarie sa mère.",Femina_1901-03-01_femina1-3.txt,Éditorial
"Une broderie en grosse laine dans le ton ou dessoutaches de soie en garnissent le col et les contours On choisira, pour doubler ces vêtements, une couleur p.us claire ou plus foncee, mais tran- chant bien sur le fond ; et l'on sera assurée de cette façon d’avoir un manteau de très longue durée et toujours de mise. En résumé, en dehors du classique manteau de fourrure, on devra s’en tenir cette année au liberty, à l’ottoman souple,et au drap satin. Ces étoffes sont la vogue du moment.",Femina_1908-10-15_femina186-1908.txt,Éditorial
"qui sont laides n'importe comment... ensuite les grosses... qu’on ramasserait avec une louche... ou encore les corsetées, gracieuses et souples comme des troncs d'arbres ! .... C’est affreux. les corsets avec ces modes qui ne sont Jolies qu’à la condition de prendre exactement la forme du corps... du corps directement... C’est à ce point qu'il ne faudrait même pas d’intermédiaire..... ME DE RÉMusaT. — Mais, Monsieur, vous ne vous rendez pas compte que la femme sans corset est introuvable. ....",Journal_des_dames_et_des_modes_1913-01-10_journal-des-dames-et-des-modes-n.23-10-gennaio-1913.txt,Éditorial
"A côté des doubles , triples, quadruples berlines , les voitures «types obus » obtiennent un vif succès de curiosité et nos dames émerveillées, s’extasient devant les voitures modèle ( sous- marin », entièrement garnies de glace avec un plafond et un arrière vitrés permettant de suivre les évolutions des aéroplanes . O fiacre adultère et légendaire de Madame Bovary, qu'en dis-tu ?",Journal_des_dames_et_des_modes_1913-01-01_journal-des-dames-et-des-modes-n.-22-1-gennaio-1913.txt,Éditorial
"Le traitement spécial consiste généralement à pratiquer des ablutions, à user du tub et du bain complet, en même temps qu’à appliquer sur la peau du visage des lotions, des pommades et des crèmes. Il est aisé de comprendre que ces exercices divers peuvent et doivent avoir une influence considérable sur l’aspect extérieur de nos organes. Mais cette action sera bienfaisante ou néfaste d’après l’opportunité et la valeur du traitement.",Femina_1908-10-15_femina186-1908.txt,Éditorial
"ARR AAA A AR LL LL LU RAA A LE AA LE AL A LA ER LE LA AL ALL LE LUE MEME LUE EVE LEE PSATRUSS Ce 9 Février, 1913. Je fus me promener, mardi dernier , sur les boulevards. Quel spectacle affligeant! Quelle platitude et quelle vulgarité dans les prétendus amusements du Carnaval ! Cene sontplus des masques ni des dominos qui défilent devant les terrasses des cafés pris d'assaut , — mais à peine des chienlits ,etdu genre le plus grossier.",Journal_des_dames_et_des_modes_1913-02-10_journal-des-dames-et-des-modes-10-febbraio-1913.txt,Éditorial
"Les compositeurs et professeurs, en effet, qui composaient l’éminent jury de ses Concours de fin d’année, déclarèrent tous, devant ses promesses si merveilleusement remplies, « qu’il y avait désormais à Paris deux Conservatoires ». Aussi, avons-nous voulu nous surpasser, cette saison, en parfaisant notre organisation. Pour commencer, il a été décidé qu’il y au¬ rait, par classe, deux cours par semaine au lieu d’un, et que, cependant, le prix en serait diminué (40 jr.",Femina_1908-10-15_femina186-1908.txt,Éditorial
"Songez, aimables lectrices et chers lec- teurs, au bonheur que va vous procurer le nouveau PHONOGRAPHE “LE MENESTREL"" el pas une seule minute, vous n'hésilerez à acquérir cet appareil admirable, extraor- dinairement intéressant, grâce auquel jamais plus vous n'aurez une minute d'en- nui, grâce auquel vous pourrez conserver toujours 1e plus précieux des souvenirs : la parole même de ceux qui vous entourent; grace auquel enfin vous aurez à votre entière disposition et a chaque instant l'audition des chants et des musiques exé- cutes par les premiers artistes.",Femina_1901-03-01_femina1-3.txt,Publicité
"Le PHONOGRAPHEc LE MENESTREL » est non seulement un appareil de premier ordre qui ne craint aucune concurrence, mais c'est le dernier appareil inventé, c'est,enun mot, la perfection des perfections, car il réunit en plus de toutes les qualités des appareils les plus chers, les immenses avantages que nous allons exposer: Aimables lectrices et chers lecteurs, c'est sur les dounées d’une mathématique rigoureuse avec les materiaux les plus soignés et nous basant sur les derniers perfectionnements scientifiques,que.",Femina_1901-03-01_femina1-3.txt,Publicité
"Nous garantissons absolum ent que le bec u Zed ” ne file n i ne fume jamais Il se visse sur n’importe quelle lampe ordinaire (il suffit de nous indiquer le diamètre du pas de vis du récipient). Il éclaire dix fois plu- qu’un bec ordinaire et réalise une économie de pétrole deso0/0. Prix du bcc complet avec verre, manchon et mcche : 10 fr. — Envois en province contre 10 fr. 85. E. FIEDLER 25 , B vard Bonne-Nouvelle, PARIS Pour éviter les ùnitaiions , exiger ta marque 11 Z” sur ta cttf.",Femina_1908-10-15_femina186-1908.txt,Publicité
"Nous le répétons: Nous vendons en Confiance. 21 Mois de Crédit, Rien à payer d'avance, Ces conditions de vente sont impossibles à refuser ; l'appareil complet et lous les accessoires sont fournis immédiatement et on paie 7 FRANCS aprés la reception et 7 FRANCS par mois jusqu'a complète liberation du prix tolal de 147 FRANCS. L'emballage et le port sont GRATUI:S. Les quittances sont présentées par la poste, sans frais pour l'acheteur.",Femina_1901-03-01_femina1-3.txt,Publicité
"Une guirlande de broderie orne le plastron de cette che- CORSAGES DE Dessous (n% 72 à r4). 62 crusté de nœuds de valenciennes. L’autre. n° a des incrustations en forme de chéinons, Le n° 14 est presque entièrement en valen- ciennes façonnée par la dentellière. Le numéro 15 est une matinée en mousseline des In- des, brodée de pois au plumetis avec pointillé de bro- derie d’or dans le fond, sur transpa- rent de Liberty rose. Garniture de valenciennes et ru- bans roses.",Femina_1901-03-01_femina1-3.txt,Éditorial
"par mois au lieu de 50 francs). Nous avons décidé encore que des auditeurs seront admis à ces cours, moyennant une redevance mensuelle de 10 francs . Vous savez, chère lectrice, que notre Conservatoire peut produire non seule¬ ment des professionnels à qui le diplôme de notre ecole ouvrira bien des portes, mais encore constitue la plus parfaite organisation qui s’offre aux artistes amateurs pour développer leurs qualités naturelles et leur talent.",Femina_1908-10-15_femina186-1908.txt,Éditorial
"Mie Arosa (Secrétaire | SE ES É VaLueT-Bisson (Membre du Comité) dans son atelier. 61 1. Voices DE Mariée (Dentelles de la ,C'e des Indes). Tr “Sseau au XX° Siècle mise qui est renouée d’un lien de satin blanc. Le n° 3 est décore Èë » & de chevrons de valenciennes rajustés au point de dentelle avec intervalles de très petits plis qui forment comme une pinçure de l’étoffe. Ces chemises USQUE vers la findu moyen âge, le luxe dulinge était à per près inconnu.",Femina_1901-03-01_femina1-3.txt,Éditorial
"— Soit , : mais dites au moins en quoi je puis vous être utile ou agréable. Je ferai tout pour me faire pardonner... — Ah! ça, c’est conti Eh bien, voilà, cher monsieur, je m'ennuie, je m'ennuie! ... et J'éprouve un irrésistible besoin de vous dire que j'aime mon mari... — Ah! — Ne dites pas « Ah! » sur ce ton irrité. Vous êtes bon. Je sens à votre voix que vous êtes bon. Est-il indis- cret de vous demander votre âge ? — Trente-cinq ans. -— Oh! vous êtes tout jeune , alors? — Merci!",Journal_des_dames_et_des_modes_1913-03-01_journal-des-dames-et-des-modes-1-marzo-1913.txt,Éditorial
Les maîtres de la couture n’ont pas résisté au cou- rant impérieux du style moderne; leur talent a uni ses captivantes originalités aux grâces sug- gestives des toilettes en une savante et complète harmonie. Et voilà que déjà le bijou les en- traîne vers des créations nouvelles!,Femina_1901-03-01_femina1-3.txt,Éditorial
"Ma foi, toute proportion gardée , le cinéma n’a-t-il point remplacé les jeux du cirque , d’un cirque rondouillard , à l'usage des petites âmes ? Les gens furent , sont et demeurent à peu près les mêmes, parce qu'à toutes les époques il a fallu , il faut et il faudra se reposer , cesser d’être l'individu qu’on est le plus sou- vent. Au diable, ces cuistres naïfs qui voudraient sans trêve nous instruire et nous améliorer ! Vive l'oubli, parfois !",Journal_des_dames_et_des_modes_1913-01-20_journal-des-dames-et-des-modes-20-gennaio-1913.txt,Éditorial
"Les premiers grands dîners pourtant n’ont pas encore été donnés, mais les lundis de l’Opéra ont retrouvé la plu¬ part de leurs abonnés. Les théâtres commencent à être suivis. La vie mondaine va reprendre. Mariages. 0 Le mariage du comte Henry Lair avec Mlle de La Masseliôre, par suite d’un deuil récent, a été béni récemment dans la plus stricte intimité. a Le mariage du prince Louis d’Orléans et Bragance, second fils de LL. AA. RR. et I. le comte et la comtesse d’Eu, petit-fils de S. A. R.",Femina_1908-10-15_femina186-1908.txt,Éditorial
"— Le prochain numéro du journal sera con¬ sacré à la mode... Serait-il possible que l’Oncle de Françoise traitât, lui aussi, de la mode, dans sa causerie accoutumée ? Cela contribuerait à l’har monie de l’ensemble. Mais, bien entendu, si cela vous désoblige, ou si le sujet ne vous agrée pas... — L’Oncle de Françoise, interrompis-je, serait un bien pauvre chroniqueur s’il s’avouait inca¬ pable de gloser sur la mode.",Femina_1908-10-15_femina186-1908.txt,Éditorial
"— Le plus fort, c’est qu’elles le croient! ,... M. DE CHATEAUBRIAND (i/ abandonne un instant sa lorgnette). — Ah! Sire!.... La vie n’est qu’une magnifique illusion! ... NAPOLÉON. — La vie, soit!.... Mais je vous ferai observer, mon cher vicomte, que ces dames l'ont quittée depuis quelque temps déjà ?.. LE PEINTRE DAvip. — Sire , javais , parmi mes élèves. des gâs auxquels il était impossible de discerner les nuances... et pour qui l'optique demeurait lettre close.",Journal_des_dames_et_des_modes_1913-01-10_journal-des-dames-et-des-modes-n.23-10-gennaio-1913.txt,Éditorial
"Gagnant d’un seul coup tant de millions, il n’en voulut même pas connaître le nombre. Des chiffres, fi donc ! Cela regardait les tabellions et gens d’affaires. L’important, c'était que la cérémonie à l’église de Ncuilly - Maud mister étant catholique — eût un éclat sans pré¬ cédent : et elle l’eut. Deux agents avec leurs bâ¬ tons blancs purent à peine venir à bout des voi¬ tures dans l’avenue de Neuilly, cependant que le défilé dans la sacristie ne dura pas moins de neuf quarts d’heure.",Femina_1908-10-15_femina186-1908.txt,Éditorial
"Ce n’était pas la première fois que son frère exprimait devant elle son indifférence de la vie, seulement, jamais, jusqu’à cette rri ute, 1 1 pensée ne lui était venue que le fils de Charles Stalder, victime d’un cruel atavisme, pût éprou¬ ver, sans causes, l’ennui et le dégoût d’exister. Et tout à coup, elle avait songé, avec horreur, que peut-être, lui aussi, l’enfant de son âme, céderait un jour, comme leur malheureux père, à la suggestion mystérieuse, et qu’il disparaî¬ trait !",Femina_1908-10-15_femina186-1908.txt,Éditorial
"Sous prétexte de canotage ou de bicyclette, Mme Fanteuil engage sans cesse son fils à 68 m’emmener sur le lac ou dans les bois, et sa nonchalance, à défaut de raison plus sérieuse, l'empêche de s'offrir comme chaperon. | Ceci, avec nos habitudes américaines, n’est pas pour te préoccuper. Au contraire. Tu penses que mieux j’approfondirai le vide dans ce caractère d’enfant gâté, moins je serais tentée de lui confier mon cœur et ma vie. Et tu raisonnes juste.",Femina_1901-03-01_femina1-3.txt,Éditorial
"En elfet ce procédé n’attaque pas la peau et opère seule¬ ment sur le système pileux qu’il désagrège en s'attaquant a sa constitution anatomique propre, jusque dans le bulbe pileux. Il ne cause par ce fait, aucune douleur ni roimeui et laisse un épiderme velouté et souple. \oici le mode d’emploi si remarquable par sa simplicité. Prendre une soucoupe quelconque, y placer la valeur d’un dé à coudre de; l;i poudre mesurée à ras du bord. Y ajouter la même quantité d'eau pure. Mélange!",Femina_1908-10-15_femina186-1908.txt,Publicité
"30 Dans tous les Magasins ou contre mandat ou timbres-poste adressés aux fabricants WEEKS Cf C°, 1, Rue AmbroiüeaThomas, PARIS (Rayon C) CpESSiE) La MONTRE ‘J UST’ La plus perfectionnée des Montres Mécaniques de Précision EN VENTE CHEZ J. AURICOSTE HORLOGER DE LA MARINE DE L’ÉTAT ET DE L’OBSERVATOIRE 10, RUE LA BOÉTIE, 10 PARIS ET CHEZ TOUS LES BONS HORLOGERS Modèles pour Hommes. Modèles pour Dames . Or. . . 145 fr. Or fr. Argent- ..... fr. Argent. fr. Acier ...... . . 29 fr. Acier . .......",Femina_1908-10-15_femina186-1908.txt,Publicité
"Dorset posait son premier regard sur ce délicat visage de femme d’autrefois. Et son âme de vieil homme que l’âge n’avait point desséché, ni rendu indifférent aux choses de l’amour, en était tout de suite réchauffée, comme pénétrée d’une vague, aimable et tendre extase. C'est qu'il avait beaucoup aimé les femmes. Il les aimait encore, une surtout, — et celle-là lui était vraiment chère, — Mme Surel, dontil avait jadis ettrès bien, chuchotait-on, connu la mère.",Journal_des_dames_et_des_modes_1913-03-20_journal-des-dames-et-des-modes-20-marzo-1913.txt,Éditorial
"Elle disait : « Napoléon m'a donné cette tabatière ; lui-même me l’a mise entre les mains , un matin que J'avais été le voir aux Tuileries. Il ajouta : « Voilà pour toi; tu les une bonne fille ! » Vraiment c'était un grand homme, mais il n’a pas voulu suivre mon conseil . Il aurait dû s’entendre avec ce cher Villainton . A propos, c’est ce brave duc qui m’a donné cette broche . Il me l’a apportée un matin que j « étais encore au lit.",Journal_des_dames_et_des_modes_1913-03-10_journal-des-dames-et-des-modes-10-marzo-1913.txt,Éditorial
"au lieu de 48 fr. 55 fr. au lieu de 72 fr. 75 fr. au lieu de 96 fr. NOTA. — Te titulaire des carnets de 12 con¬ férences, choisit les conférences auxquelles il Veut assister et fait numéroter ses places à la location, 90, avenue des Champs-Êlvsêes. Avenue dès Champs-Êlysêes, 90 LE JEUNE HOMME THÉ Ah! ma chère, il était exquis !",Femina_1908-10-15_femina186-1908.txt,Éditorial
"Comme garniture un enroulement de mousseline avec sur le côté, soit une aigrette, soit une grosse touffe de plume. Ils sont très grands, à calotte très large mais très basse. Par contre, comme exagération, nous en verrons aussi de tout petits. Voici notamment un fort joli toquet en ve¬ lours violine avec grand paradis blanc. Comtesse W. Dehem.",Femina_1908-10-15_femina186-1908.txt,Éditorial
"RSS 6 (Em 5) DÉE, DÉCOUVERTE, INVENTION, | autant d'astres qui naissent a chaque instant, viennent scintiller au-dessus de l'humanité et chasser les ténèbres de l'ignorance des hommes!",Femina_1901-03-01_femina1-3.txt,Publicité
"de Th C2 | es jolis oiseaux {migrateurs : « Les s restons ensevelis sous llonnent sur la Côte ouleurs, tendus au- oici quelques toilettes destinées à c Parisiennes dans le Midi. » Tandis que nous nos brumes, nombre de jeunes beautés papi d'Azur à l'abri de vastes parasols aux tendres € Depuis que notre empire s’est étendu sur le littoral ensoleillé de Nice et de la Savoie, des habitudes nouvelles sont nées.",Femina_1901-03-01_femina1-3.txt,Éditorial
— Le prix de l'abonnement est fixé à 100 francs par an pour la France et 120 francs pour l'Etranger . Il est tré en sus 29 ex. de luxe : dont 5 sur vieux Japon avec 3 états des grav. à 500 fr. par an ; 12 sur Japon impérial avec 2 états à 300 fr. et 12 sur Japon impérial à 200 fr. — Îl n’est pas accepté d'abonnement d’une durée inférieure à un an.,Journal_des_dames_et_des_modes_1913-03-01_journal-des-dames-et-des-modes-1-marzo-1913.txt,Éditorial
"Mais vous voulez des détails; en voici encore : Des auditions, le cinémato¬ graphe, des projections lumineuses, rien ne sera négligé de ce qui peut compléter de la façon la plus intéressante et la plus pittoresque la parole érudite des conférenciers. La première de ces conférences sera faite par Mme Jane Ca'ulle Mendès, qui, le 6 novembre, à 3 heures et demie, parlera de : la Danse. Le nom, le talent de la conférencière sont un sûr garant du succès. Vous irez toutes l’applaudir.",Femina_1908-10-15_femina186-1908.txt,Éditorial
"Avouez que cela avait tout de même plus d’allure ! » AAA AAA AA AA AA AA AA AS Où l'on dtsputeldestrontsse ride SNOOMLEMASE Les derniers solipèdes, les ultimes représentants de la race équine en voie de disparition doivent esquisser un sourire sarcas- tique en voyant passer rapides, trépidantes, les autos dernier cri. Une mode inattendue couvre, en effet, les châssis modernes de carrosseries copiant servilement les berlines de poste 1830...",Journal_des_dames_et_des_modes_1913-01-01_journal-des-dames-et-des-modes-n.-22-1-gennaio-1913.txt,Éditorial
"La silhouette de celles qui la portèrent, avec de minuscules chapeaux, qui nous fut transmise par d’innombrables documents, des tableaux, des gravures de mode, des photographies, n’est ni plus ni moins charmante que celle des Parisiennes actuelles ; elle est autre, sans doute, mais tout aussi précise, tout aussi attirante, tout aussiVcvocatrice — ce ( ini controuve singulièrement cette assertion tant de en 1858 Ainsi que le prouve cette amusante caricature de Charles Vernier , la Parisienne de 1858 n'avait pas plus de facilité pour monter en voiture que celle d'aujourd'hui.",Femina_1908-10-15_femina186-1908.txt,Éditorial
"Les boutons seront fort utilisés cette année ; il y en aura pour tous les goûts et de tous les prix. Pour les visites, le drap, le satin, l’ottoman, seront fort à la mode ; il en existe un choix à la portée de toutes les bourses et si les revers soutachés, les broderies et les applications sur tulle sont trop onéreux un filet brodé, un galon mécanique, et des revers de tissu uni remplaceront les garnitures. Les toilettes de bal des jeunes filles permettront toutes les simplifications possibles.",Femina_1908-10-15_femina186-1908.txt,Éditorial
"50 ans doute, elle est spécieuse la satire que quelqu de la bienfaisance mondaine en général et des ventes A L'UNION DES FEMMES DE FRANCE LA VENTE DE CHARITÉ es esprits, brillants mais chagrins, ont faite de charité en particulier; et mème, il faut fines Mu KŒCHLIN-SCHWARTZ ass résidente de l'Union des Femmes de France (ASSISE DEVANT LE COMPTOIR N° 1). et ces Jeunes filles étaient heureuses ct intéressées par leur rôle de ven- deuses d’un jour.",Femina_1901-03-01_femina1-3.txt,Éditorial
"Aussi avons-nous la joie d’avoir « pris » sur le vif tous les jolis comptoirs. avec leursaimables vendeuses, à commencer parleurrespectée présidente, M"" Kæchlin- Schwartz, l'une des premières «chevalières » 772 NS [ ( . Ms de Montaut, Mr° Demouy, directrice du matériel. membre du conseil. UN coin Du BUFFET. de la Légion d'honneur. Et voici, du reste, l’'énumération exacte APRÈS LA veNTE : la recette, 37,000 francs Le Comproir N° 2. SA] Û M Charles Brun, vice-presidente de l'Union.",Femina_1901-03-01_femina1-3.txt,Éditorial
"Beaucoup, qu’étreignait un indigne Es. Ne EDS (186) bas de fil , lui durent de connaître les caresses de la soie , et même quelques autres . Quelles occasions! Quelles rencontres | Quelles images chères à Willette ! Mais , j'y songe , pourquoi, au lieu du grossier enterrement de l’autre jour , n’aurait-on pas demandé à Willette lui-même de l’organiser, ce cortège suprême?",Journal_des_dames_et_des_modes_1913-01-20_journal-des-dames-et-des-modes-20-gennaio-1913.txt,Publicité
"À la feuille de ce jour sont jointes les gravures 49 et 5o. La reproduction des gravures et des articles de ce journal est absolument interdite, même par extrait, SRI AAA AE AR AA AA AR AA AA AA A AA A LR AAA AA AA AE LA AE AA UE AAA ME EVE AE Be Gérant : JAcQuESs vx Nouviox. Imp. de Vaugirard, H.-L. Morri, dir., 12-18, impasse Roïin: Paris. AU MOULLEAU PRÈS ARCACHON. — COTE D'ARGENT Grand Hôtel du Moulleau La liqueur BONAPARTINE le Succès du jour. 9, rue de Villejust, PARIS.",Journal_des_dames_et_des_modes_1913-01-20_journal-des-dames-et-des-modes-20-gennaio-1913.txt,Éditorial
"Faire bien attention de toujours remonter les chairs en mas- sant dans le sens de l’ovale. 3° Quant à la perte de vos cils, un éminent occuliste a donné à plu- sieurs de ses clientes le conseil de se laver les * paupicres et le bord des cils avec mon savon mc- dical du Transvaal, qu détruit admirablement le microbe qui menace le bord des paupières. Ne pas craindre la petite cuisson momentanée; elle est salutaire. . Î'leurs d'arrière-saison.",Femina_1901-03-01_femina1-3.txt,Éditorial
"Je n’ai pas assez de talent pour émouvoir les autres, mais je m'émeus moi- même, et, mes pinceaux à la main, je goûte des satisfactions tout à fait incompréhensibles à cet étourneau de Max. C’est que, avec tout cela, il a des paroles fortes et tranchantes,un air d’affirmation tranquille, qui seraient à peines supportables chez quelqu'un dont la valeur se manifesterait par une activité effective.",Femina_1901-03-01_femina1-3.txt,Éditorial
"On n’a sans doute pas oublié qu’il en avait réuni une collection nombreuse et rare, telle qu’aujourd’hui il serait impossible , même sans argent, de la mn 0 D. mers mg nt (170) refaire. Elle tenait dans une grande vitrine Louis XVI toujours fermée.",Journal_des_dames_et_des_modes_1913-01-01_journal-des-dames-et-des-modes-n.-22-1-gennaio-1913.txt,Éditorial
"Le siège social est à Paris, rue Denfert-Rochereau. Une exposition parisienne s’y prépare pour le mois de décembre. Jusqu’à présent, l’œuvre avant fleuri d’abord en Auvergne, c’est surtout ITHrnhastrâ® Rurale avec les magasins de Clermont-Ferrand que Mlle Bressac a pu traiter pour la vente des objets fabriqués par ses disciples.",Femina_1908-10-15_femina186-1908.txt,Éditorial
"au moins, ils reconnaissaient que l'opium facit dormire parce que virlutem habet dormitivam , et ils ne cherchaient pas à détruire cette vertu . Et voici qu'un professeur américain aurait imaginé un fauteuil si Ingénieusement construit. si savamment calculé, que tous les membres se trouveraient soutenus et que chaque muscle goûte- rait un repos absolu . Ce serait, pour le corps . un sommeil déli- cieux dont l'esprit profiterait pour veiller en toute liberté, affranchi de ses liens terrestres .",Journal_des_dames_et_des_modes_1913-03-10_journal-des-dames-et-des-modes-10-marzo-1913.txt,Éditorial
"Tandis que d'autres dentifrices n’agissent que pendant le temps fort court du nettoyage des dents, l’Odol, au contraire exerce son action antiseptique et rafraîchissante long- temps après son emploi.",Femina_1908-10-15_femina186-1908.txt,Publicité
"Vous y retrouverez tout entière l’âme de vos personnages et jusqu’à votre Pierre de Craon, l’architecte mystique et enflammé — Magister de vivis lapidibus , (le Maître des pierres vives », pour s'exprimer comme à présent. FERNAND VANDÉREM. VA LUE VAR AL LUE LAS AE URL LE MODES. Les dîners du jour de l’An chez quelques dames paraissent être plutôt des prétextes à exhibition de linge que de charmantes occasions de se réunir et de bien manger.",Journal_des_dames_et_des_modes_1913-01-01_journal-des-dames-et-des-modes-n.-22-1-gennaio-1913.txt,Éditorial
"L’utilitarisme de nos dames ne néglige même pas les rognures de tels tissus : raboutées et recousues entre elles , elles y trouvent voluptueusement la doublure d’un manchon qui est censé com- pléter leur costume . — Les plumes reviennent un peu en faveur, pas encore les € pleureuses » qu’une élégante ne peut qu’aban- donner à sa femme de chambre ou vouer au « décrochez-moi ça »; mais , du moins , les petites plumes-boules frisées dites « Prince de Galles ». On les met de côté ou de trois-quarts.",Journal_des_dames_et_des_modes_1913-01-20_journal-des-dames-et-des-modes-20-gennaio-1913.txt,Éditorial
"Tantôt c’est l’une qui empiète et tantôt c'est l’autre qui s’attarde . Cependant, tout le temps qu’elles sont devant la rampe, elles nous divertissent , elles nous touchent, elles nous charment si bien que nous ne songeons plus à l’absente des deux. Du côté satire, véritable prodige. Quoi de plus rebattu , en effet, que les plaisanteries sur le féminisme ? Journaux et revues paraissaient depuis longtemps avoi: épuisé la matière .",Journal_des_dames_et_des_modes_1913-02-10_journal-des-dames-et-des-modes-10-febbraio-1913.txt,Éditorial
"Or, il y a dans la Ville Lumière quatre ou cinq cent mille chiens qui tous bénéficient au moins d’une heure de liberté par jour . Ils en profitent, et de là naissent les animaux les plus étranges et les plus inattendus , des bêtes comme saint Antoine lui-même n’en aperçut jamais au cours de ses tentations . C’est alors qu’in- tervient le talent ingénieux des éleveurs.",Journal_des_dames_et_des_modes_1913-02-01_journal-des-dames-et-des-modes-1-febbraio-1913.txt,Éditorial
"Rien autre chose , croyez-le bien , qu’un public un public visible et tangible, un public dont j’entende le Ur mure approbatif, un mur pour me renvoyer mes balles. Je sup- plie qu’on se hâte , car , si l’on tergiverse encore quelques années , il sera trop tard , j'aurai perdu cette belle confiance qui permet de dire tout haut n'importe quoi, et de trouver dans le tas, qui sait ? peut-être des choses véritablement délicates et fines .",Journal_des_dames_et_des_modes_1913-03-10_journal-des-dames-et-des-modes-10-marzo-1913.txt,Éditorial
"ORFEVRERIE CHRISTOFLE Maison spéciale de vente : 33, BOULEVARD DES ITALIENS, 33 PARIS No 93. ( Deuxième année. }) 10 Janvier , 1913. JOURNAL DES DAMES ET DES MODES PI AAA AR AAA AAA AAA A AAA AAA AAA AAA AAA RAA AVR RM VE VE LR RAR UN AR Ce Journal paraît tous les dix jours, le 1, le 10 et le 20 de chaque mois. Chaque numéro contient de une à cinq Gravures coloriées : Modes, Meubles et Bijoux. — Les bureaux sont : rue La Boëtie, n° 62.",Journal_des_dames_et_des_modes_1913-01-10_journal-des-dames-et-des-modes-n.23-10-gennaio-1913.txt,Éditorial
"S’il les respecte, il crée les modes Louis XVI, la robe à panier et le chapeau bergère, qui restent comme des modèles adorables de grâce charmante et précieuse ; s’il ne les respecte pas, il crée la crinoline et le cabriolet qui ne méritent pas les attaques qui leur fu rent prodiguées, ou la robe tanagréenne et le grand chapeau actuels dont on peut suspecter la commodité au théâtre ou en voiture, mais dont il serait véri¬ tablement injuste de nier le charme profond et l’élégance très spéciale.",Femina_1908-10-15_femina186-1908.txt,Éditorial
"C’est à peine si elle consentait parfois à répondre du bout des lèvres aux préve- nances du pauvre homme , d’ailleurs balourd et taciturne , tandis que souvent elle soulevait dans sa fine main aux ongles savam- ment carminés l'étrange animalcule et le baisait à pleines lèvres . Le manège semblait amuser fort la chambrée et j'entendis même une vieille dame confier à l’oreille de son voisin cette réflexion : « De mon temps , une vraie Parisienne dînait entre son mari et son amant.",Journal_des_dames_et_des_modes_1913-01-01_journal-des-dames-et-des-modes-n.-22-1-gennaio-1913.txt,Éditorial
"Il est tiré en sus 29 ex. de luxe : dont 5 sur vieux Japon avec 3 états des grao. à 500 fr. par an; 12 sur Japon impérial avec 2 états à 300 fr. et 12 sur Japon impérial à 200 fr. — Îl n’est pas accepté d'abonnement d’une durée inférieure à un an. MANOIR MI AU A AR A AR A MAR AA AA AR AR AA AR A AA AA AAA A A AA AA A A AAA FRARRSES Ce 9 Mars, 1913. Que l’humanité a done d’encombrants amis !",Journal_des_dames_et_des_modes_1913-03-10_journal-des-dames-et-des-modes-10-marzo-1913.txt,Éditorial
"Mais pouvaient-ils penser qu'ils réalise- raient pleinement leur rève et que de cette réalisation surgirait une union in- time avec la toilette féminine ? Union si puissante, union si forte que, dans les conditions courantes de la vie, il ne sem- ble plus possible que les bijoux n’ornent pas le plus simple costume, la plus mo- deste toilette. Aussi quel éblouissement aux lumières des lustres!",Femina_1901-03-01_femina1-3.txt,Publicité
"9, rue de Villejust, PARIS. BLUM LE CHEMISIER ÉLÉGANT RAD LADA EE SA 7, BOULEVARD DE LA MADELKISE DH ss = Æ ll = ee BUREAU D YABON N EMENT A PARIS UE DE AT NUE Al né airs ALI ans Asa ÉAER TE Top. Vaugirard — Paris,",Journal_des_dames_et_des_modes_1913-02-10_journal-des-dames-et-des-modes-10-febbraio-1913.txt,Éditorial
"Etes-vous choquée par la laideur d un n te¬ neur, d’un ameublement, d’une ornementation, souhaitez-vous, sans savoir comment anal> scr votre dégoût, le faire partager a vos filles . cherchez dans un bosquet, dans une P™ 1 * 10 ’.? £ un bois, des formes ou des couleurs dont la fâ¬ cheuse création soit comme une caricaturen t us ne manquerez pas de découvrir des analogies de ce genre. Cherchez bien. Puis, quand vous aurez trouvé — ce qui vous etonnera, ^ vertira, vous instruira vous-meme ?..",Femina_1908-10-15_femina186-1908.txt,Éditorial
"Nous ne devons donc pas nous étonner qu’il n'ait découvert que d’avant-hier les problèmes soulevés par la pièce patriotique . Au fond, pourtant, c’est un genre théâtral comme un autre et qui n’accuse ni plus ni moins de ficelles . On allègue bien l’hypersensibilité qu’entretient en nous le sen- timent de patrie et on déclare qu’il est trop facile de se tailler un triomphe en la stimulant.",Journal_des_dames_et_des_modes_1913-01-20_journal-des-dames-et-des-modes-20-gennaio-1913.txt,Éditorial
"SA AAA AA AR AAA AA LE LE EL Les costumes de nos dames sont en ce moment de velours frisé , de satin Joconde , de crêpe thracian , de duchesse mousse- line, d’ondoyante glacée , de taffetas au miroir. de crépon à la sultane , de marcelline lisse. Les couleurs préférées sont le gris souris effrayée , le rouge caroubier et le jaune javanais.",Journal_des_dames_et_des_modes_1913-02-10_journal-des-dames-et-des-modes-10-febbraio-1913.txt,Éditorial
"interrogea Frédéric, qui n’avait pas encore parlé. — Evidemment. Trouvez-vous que Mme Tour¬ nisien ait bien agi en se donnant la mort et en entraînant, par son exemple, une enfant de vingt ans ? — Moi, je suis de l’avis de Shopenhauer et d’Hartmann : je trouve que le suicide est la plus haute manifestation individuelle, dit Stalder, lentement. — Oh ! Frédéric, se récria Rosa, avec épou¬ vante. — Mais oui.",Femina_1908-10-15_femina186-1908.txt,Publicité
"Elles font diminuer très vite le MantMk, le Ventre, les Hanches et amincir la TAK.LZ. AVEC CES DRAGÉES ON NE GROSSIT JAMAIS Expédition sans signe extérieur. Fl. tOO pit ltl 10 f. I/Î 6r. Ode P HA R MA C/E HYGfË NIQUE.ti . r Etienne-Marcel. PARIS MADAME Aprt * avo ‘ r l Ta riviniii■ tenté tous les cosmétique.-*, rappelez-vous qu« LES MERVEILLEUSES ETOILES AMERICAINES paraffinées qui s’appliquent la nuit, enlèvent les rldea sans laisser de traces.",Femina_1908-10-15_femina186-1908.txt,Publicité
"Lorsque je vous aurai dit que les adaptateurs ont nom Franc-Nohain et Henri Duvernois, ma tâche sera terminée, ces auteurs n’ont plus besoin d’éloges. Hélène Avrvl. (i) Envoi franco deVun ou Vautre de ces volumes contre 3 fr.",Femina_1908-10-15_femina186-1908.txt,Éditorial
"Relevé parmi les récentes fournitures faites par l'une de nos meilleures marchandes de modes à l’une des plus scintillantes étoiles du firmament théâtral : Une coiffure & Aérienne, » garnie illusion, fusée et paradis. û De 8 DRE LIT Dee M NS UE PARTS Te Dans le royaume des astres, tout n’est donc pas qu'illusion et mirage ?",Journal_des_dames_et_des_modes_1913-03-01_journal-des-dames-et-des-modes-1-marzo-1913.txt,Éditorial
"La délicatesse néo-grecque de Louis XVI n’eut pas grand’chose à faire pour devenir le style massif et vraiment romain de Napoléon. Tout cela, et bien d’autres choses, je les lis sur ma carte postale. Un cours d’art pour deux sous, ce n’est pas ruineux. Quand je vous disais que mes modestes indications seraient à la portée des mères les plus forcément économes. Une carte postale, c’est un document photo¬ graphique.",Femina_1908-10-15_femina186-1908.txt,Éditorial
"Si aux ivresses des pays abordés vous préférez le départ. lui- même, ce moment d'angoisse et d'espoir qui vous fait croire à je ne sais quelle évasion vers la liberté, je vois ce qu'il vous faut : c’est le bateau. Eh bien!",Journal_des_dames_et_des_modes_1913-02-01_journal-des-dames-et-des-modes-1-febbraio-1913.txt,Éditorial
"cet Habit vert me fait l’effet d’avoir mobilisé toutes les jolies femmes de Paris. .... Et quelles toilettes! .... On aura beau dire, c’est ravissant, ces robes collantes et vagues à la fois... .. C’est précisément le contraire de MME DE STAËL (qui s’est décidée à regarder aussi) . — Moi, je vois surtout des caricatures ..... WATTEAU. — Parce que vous avez l’œil pointu. .... D’ail- leurs, il y en a, des caricatures !... il y en a un stock!.... D'abord les laides ..",Journal_des_dames_et_des_modes_1913-01-10_journal-des-dames-et-des-modes-n.23-10-gennaio-1913.txt,Éditorial
"début de l’hiver. Celles-ci ornent fort gracieusement les grands chapeaux, celles-là, par leur monde. Les modèles que nous donnons sur cette page vont créer bien des indécisions ! 3. Grand chapeau feutre rose. Biais de velours tabac autour du fond; lisérés de soie rose autour du bord. Immense panache d’aigrettes roses. 4. Tricorne de satin noir, orné d’un galon noir surmonté d’une dentelle or ; patte semblable sur le côté. Grand oiseau vert à longues ailes tombantes. 5.",Femina_1908-10-15_femina186-1908.txt,Éditorial
(1) Tous les modèles publiés dans l’« Atelier de Madame » sont réservés à l'usage personnel de nos lecteurs et demeurent la propriété de l’auteur qui en poursuivrait toute copie ou adaptation commerciale faite sans son autorisation. Le prochain Numéro de ‘* FEMINA ?’ paraîtra le 15 Mars.,Femina_1901-03-01_femina1-3.txt,Éditorial
"— Garde de titres-— Garantie contre le rembour- $ LE SPARKLET NASAL } : a eee mit PSE : | sement au pair et les risques de non-vérification des } RSA Sean £ £ EE | | tiragés.‘— Transports de fonds (France et Etränger). — Es guérit radicalement lé Rhume - OU ""+. | “EUNDI 4 MARS Billets de crédit circuldiies. — Lettres de crédit. — de cerveau; précieux contre +R Éshonemens; — Assurances. — Services de correspon- JAsthme, la Coqueluche, la Boulevard Haussmann | dant. ele. Bronchite?",Femina_1901-03-01_femina1-3.txt,Publicité
"Certaines de ses marques comme le STICK MOUSSEUX sont adoptées par les plus LL @, ÆGOlo YU A A/\R D V La DIAPHANE GE POUDRE de RIZ Sarah Bernhard LA POUDRE ÉLÉGANTE PAR EXCELLENCE ADHÉRENTE, INVISIBLE HYGIÉNIQUE G. MAZUYER & Cie 88, Rue d'Enghie PARIS © DENTIFRICE ANTISEPTIQE 5 Cor serve les DENTS les préserve de la CARIE arr * Le seul Dentifrice guérissant les !""MAUX o DENTS À Poudre «Pa te a Su | SL EN VENTE PA] PARTOUT | À.",Femina_1901-03-01_femina1-3.txt,Éditorial
"50 pour frais divers (4 frs pour les Colonies et l'Etranger) à l'une dès primes que voici • i année FEMINA, élégamment bro¬ chée, la revue idéale de la femme et de la jeune fille (24 numéros, 3.000 gra¬ vures, 50.000 lignes de lecture). 1 semestre VIE AU GRAND AIR, élégamment broché, 26 numéros, nom¬ breuses photographies des personnalités et des événements sportifs. i volume FERMES ET CHA¬ TEAUX, élégamment broché, 12 nu¬ méros, 700 gravures. 300 pages.",Femina_1908-10-15_femina186-1908.txt,Éditorial
"Je vous préviens, chère madame Terriel, que nous ne rencontrerons que des moineaux, des pinsons et des merles sur le chemin. — Et des fleurs, aussi, n’est-ce pas ? — Certes ! des gentianes, et, peut-être, des « mannestrue... » — Qu’est-ce que c’est que des «mannestrue ?» 489 Jusqu'à l'heure cù Frédéric avait aperçu Mme Tey riel , sur le Stad-Luzen qui les amenait tous les deux à Beckenried...",Femina_1908-10-15_femina186-1908.txt,Éditorial
"Mais elle n’osait formuler aucune observation devant le calme'de Rosa, la tranquillité de Fré¬ déric et la gaîté de Marie-Thérèse qui semblait trouver cet état de choses naturel On parvint ainsi au premier juillet, et M. Ter¬ riel annonça enfin qu’il serait, le mardi 2, pour déjeuner au chalet Stalder. Il arriva ce jour-là, vers onze heures ; les yeux perçants de Marie-T-hérèse le découvrirent sur le bateau, bien avant que Mme Terriel et même Frédéric l’eussent aperçu. — Il est sur le pont.",Femina_1908-10-15_femina186-1908.txt,Éditorial
"Ge ne serait pas seulement la pièce où l’on regarde. Ce serait aussi la pièce où | l’on pense. Des houris et des apophtegmes , des chameaux et | une thèse , tout l'Orient et toute la philosophie . D'où un peu de ! déception, quand, après deux ou trois tableaux, on put se rendre compte qu’il n’y avait pas plus de thèse que sur la main. | Rien de pareil n’arrivait avec un autre titre, par exemple : Si j'étais riche ou les Mésaventures d’Hadji ou le Mendiant parvenu .",Journal_des_dames_et_des_modes_1913-01-01_journal-des-dames-et-des-modes-n.-22-1-gennaio-1913.txt,Éditorial
"Sa voix chantait, son regard hésitant implorait. Il eut des langueurs, des timidités, des scrupules inii- ms Amour et vertu, soupirs et nuances, trouble et balbutiement, et l’heure suave avec cela, et la une, a-haut, si charmante, si pure, couleur de the, elle aussi, la lune thé comme lui-même, et in tlie comme la lune... Le mariage fut décidésur- le-champ. Son désintéressement, son tact l’enchantèrent out . c premier.",Femina_1908-10-15_femina186-1908.txt,Publicité
"Comme démonstration, elle prouve qu’après un lavage à l’eau froide ou tiède les porcs restent obstrués par des poussières et des excrétions organiques. En effet, il suffit de lotionner ensuite la face avec son fameux produit le Tonique Diable Ganesh pour amener et recueillir à la surface une quantité de résidus.",Femina_1908-10-15_femina186-1908.txt,Éditorial
"La grosse tête, c’est la reine Marie-Antoinette qui l’a mise à la mode... Avec elle , un peu du goût allemand s’est introduit chez nous..,.. Moi, j'ai peut-être fourré partout un peu trop de ruches et de falbalas GiveocHE. — Tlroptdichchisie""e Mme DE Pompapour.— Mais les modes inventées par moi ont inspiré les peintres. .... Demandez plutôt à Boucher sil n’aimait pas à peindre des Jolies femmes en robes Louis XV ?.... BoucHEr. — J’aimais encore mieux les peindre sans robe du tout !....",Journal_des_dames_et_des_modes_1913-01-10_journal-des-dames-et-des-modes-n.23-10-gennaio-1913.txt,Éditorial
"Mouod-Herzen essaie de rénover la banale alliance et de remplacer, par ses anneaux d’or ou d’argent savamment ajourés et mieux encore niellés , le sempiternel anneau de rideau que portent au même doigt , depuis toujours, les femmes à la mode et les marchandes de journaux . M. Paul Follot, le matin du vernissage, promène dans les groupes son élégance très art décoratif et raconte : —_ Henri Bataille est enfin installé dans la chambre en bois d'amarante que je viens de créer pour lui.",Journal_des_dames_et_des_modes_1913-03-01_journal-des-dames-et-des-modes-1-marzo-1913.txt,Éditorial
On abattit les vieilles tours pour dresser sur leurs larges fondations la belle ordon¬ nance des palais Renaissance ; on relégua au grenier ou on jeta au feu les délicieuses bergères du dix-huitième pour inaugurer les acajous et les bronzes Empire. On ne fit pas toujours mieux ; — on fit « différent ». Et cela donna de la saveur à la vie. Cela donna de la saveur à la vie : voilà le secret ressort de tant de changements.,Femina_1908-10-15_femina186-1908.txt,Éditorial
"Et son silence à lui, ses yeux détournés devenaient alors une réponse , le refus tacite qui chaque fois lui coûtait d'avantage; car il n’avait jamais su résister au désir F1] PRPPIUN CCRPRR . LM . À = De PAONS RRr eTR + s° (239) ainsi exprimé d’une femme. Et c'était tard pour apprendre. Un jour, il s’enhardit jusqu’à lui dire d’un ton suppliant : «Un peu de patience , voyons . Tu l’auras . Je te le laisse par testa- ment ! » Mme Surel fit: « Ah!",Journal_des_dames_et_des_modes_1913-03-20_journal-des-dames-et-des-modes-20-marzo-1913.txt,Éditorial
"De plus, il est incapable de se faire jamais ce qu’on appelle « une situation ». (Ca, c'est peut-être moins à cause de ses défauts, que par... mais je ne l'ai pas assez observé. Passons). Donc, si mes parents nt rêvé ce mariage, il faut reconnaître dans leur projet une facile chimère de leurs cœurs tendres, où mon bonheur possible et leur joie de me garder près d'eux entrent bien pour quelque chose, plutôt qu’une froide machination combinée exclusive- ment dans l'intérêt d’un fils prodigue.",Femina_1901-03-01_femina1-3.txt,Éditorial
"Notre Concours de Pensées est clos; les cartes postales aux pensées ingénieuses, intéressantes, délicates, nous sont parvenues par monceaux. Nous procédons en ce moment au classement et nous en publierons le compte rendu dans notre numéro du i 5 novembre.",Femina_1908-10-15_femina186-1908.txt,Éditorial
"Les prix de ces reliures varient de 8 à 5o francs. Pour répondre au désir de quelques sous- cripteurs, ils ont déjà fait confectionner un emboîtage pouvant contenir les 21 numéros parus en 1912 qu’ils enverront sur commande et franco de port pour la somme de 5 fr. AAA Se AAA de à À | AB AA A CLS no or GS _— .",Journal_des_dames_et_des_modes_1913-01-01_journal-des-dames-et-des-modes-n.-22-1-gennaio-1913.txt,Éditorial
"Ainsi perfectionné, le Conservatoire a Femina-Musica » est non seulement une merveilleuse école à l’intention des artistes amateurs dont les dualités, plus évidentes de jour en jour, ne demandent qu’à être développées, mais encore il assure aux dames et aux jeunes Allés qui désirent devenir de véritables artistes professionnels, un enseignement de premier ordre et des avantages artistiques précieux pour leur avenir. Il n’y a ni limite d’âge, ni examen d’entrée.",Femina_1908-10-15_femina186-1908.txt,Éditorial
"Alors que les réalistes et les humo- ristes font œuvre pie, en montrant que cet amour-là s'accompagne d'autant et de plus de ridicules que les autres actions humaines, certains , pervers ou douceâtres , érigent en sucre rose une colos- sale statue de Cupidon et entendent qu’il demeure le dieu unique. C’est ainsi que nous voyons des vaudevilles et des drames et que nous lisons des livres inspirés par une seule idée — une idée fixe et qui tient quelque peu de la monomanie .",Journal_des_dames_et_des_modes_1913-03-01_journal-des-dames-et-des-modes-1-marzo-1913.txt,Éditorial
"Par retour du courrier, nous enverrons à notre tour la liste des primes et dans la quinzaine la nouvelle abonnée recevra les objets désignés. Ne pas manquer, toutefois, de toujours indi- quer cing objets supplémentaires dans le cas où ceux choisis manqueraïent pour le moment. Tout abonné de trois mois à l’exsai n’a qu'à nous envoyer le complément de son abonnement pour avoir droit aux primes. Ajouter 1 fr. 50 pour le port et l'emballage.",Femina_1901-03-01_femina1-3.txt,Éditorial
"Après les couleurs rutilantes et Joyeuses des étoffes persanes , l’élégance parisienne va-t-elle s’assimiler les glauques et étranges subtilités des verreries vénitiennes, mettre à contribution les arts de la ville des Doges après ceux du pays des Shahs ? ASIA A Se A A A LACSCÈNE,. L’accueil fait par le public de la première à A/sace , le drame patriotique de MM.",Journal_des_dames_et_des_modes_1913-01-20_journal-des-dames-et-des-modes-20-gennaio-1913.txt,Éditorial
"Parmi les portefeuilles qui m’ont été soumis depuis quinze jours, combien j’en ai trouvé qu’il serait urgent d’élaguer, de rajeunir, de fortifier ! J’étudie, en ce moment, une affaire qui me paraît des plus intéressantes; un titre dont je me propose d’entretenir mes lectrices dans une prochaine chronique. Il s’agit d’un placement à revenu fixe, d'une obligation 6 0/0 parfaitement gagée.",Femina_1908-10-15_femina186-1908.txt,Éditorial
"Plus particulière¬ ment celle du vêtement féminin, la femme dispo¬ sant de plus de loisirs pour y songer, et étant moins limitée que les hommes, dans sa fantaisie, par des considérations de commodité pratique...",Femina_1908-10-15_femina186-1908.txt,Éditorial
"La robe au Cardinal est un peu moins particulière: elle est de moire noire, très légèrement drapée sur les côtés et ornée d’une large cein- ture de tafletas rouge dont les pans sortent de hauts coulants d’or vieilli. Il est convenable de jeter par là-dessus un manteau de moire , également noire , à grande pèlerine doublée de taffetas rouge . Aucun autre chapeau qu'un vrai chapeau de cardinal ne peut aller avec cette toilette .",Journal_des_dames_et_des_modes_1913-02-10_journal-des-dames-et-des-modes-10-febbraio-1913.txt,Éditorial
"Si Sarah est l’incarnation du Rêve, vers qui se tournent tous les yeux, comme vers le Levant, Bartet fait son¬ ger à quelque Châtelaine de nos plus aimables contes traditionnels, en qui se réuniraient toutes les attentives et tendres grâces, toutes les perfec¬ tions discrètes de la féminilité.",Femina_1908-10-15_femina186-1908.txt,Éditorial
L'heure est aux estomacs solides . On se cache pour déguster les nouilles sans sel et l’œuf à la coque peu cuit. Et l'heure est si héroïque que le Français ne reculera pas devant la plus importante ( pièce montée! » Henri Duvernois. AAA AA AA A A AR AR AR AL LA LE CAPITAINE GRONOW. Sous Louis-Philippe et plus tard sous Napoléon II vivait à Paris un galant capitaine du nom de Rees-Howell Gronow.,Journal_des_dames_et_des_modes_1913-03-10_journal-des-dames-et-des-modes-10-marzo-1913.txt,Éditorial
"faites traverser à votre voiture tout bonnement le boule- vard et allez vous installer dans un de ces caravansérails anonymes et confortables où l'on rencontre le grand-duc et le courtier en rasoirs , la courtisane argentine et l'acteur de génie, et où le marbre abonde, mais économiquement recouvert de publicité.",Journal_des_dames_et_des_modes_1913-02-01_journal-des-dames-et-des-modes-1-febbraio-1913.txt,Éditorial
"M; is si l’on à le malheur d’employer des corps gras et faire des lavages à l’eau chaude, les liquides séreux se forment beaucoup plus vite encore entre les nombreuses cloisons qui forment 1 épiderme et celui-ci, sous l’impulsion de ces liquides encombrants se dilate et perd l’apparence de la jeunesse en même temps qu'il provoque les rides et la dila¬ tation des pores.",Femina_1908-10-15_femina186-1908.txt,Éditorial
"Lisez Çoulras voyage : on y voit des scènes bien aimables, quand Panurge notamment, quand Gosseline, veux-je dire , découvre la Grèce et Platon. Marcez BoULENGER. AAA AA AA AA AA AA AE A AR AR STECKY OU LE CHIEN DU KAMTCHATKA ... Gela me fit bien plaisir de la rencontrer, l’autre jour, au Bois , cette jolie petite Mme de Castagnède, bien plaisir , en vérité .",Journal_des_dames_et_des_modes_1913-02-01_journal-des-dames-et-des-modes-1-febbraio-1913.txt,Éditorial
"BLUM LE CHEMISIER ÉLÉGANT 7, BOULEVARD DE LA MADELEINE PARIS CPE ais ins de LE ITU LE a ET EU Ce Le SU Des I “| a or ni ET Po A EN ""BUREAU D'ABONNEMENT . Re Pos Be sente A PARIS (US TS SE EN reel ee té ec AS en #",Journal_des_dames_et_des_modes_1913-02-20_journal-des-dames-et-des-modes-20-febbraio-1913.txt,Éditorial
"R 4 2 | La SALLE 4 MANGer. LE GRAND SALON. Les plafonds sont des reproductions de ceux du château de Govone, et les boiseriesen acajou sontdeslambris authentiques quiontétéadaptés aux parois. Au fond du petit salon, deux portraitsen pied de grandeur naturelle : l'Empereur Napoléon IIT en général de division et l’Impératrice Eugénie en toilette de soirée. À gauche, un grand portrait de Napoléon I‘ dont la tête est pleine de vie; c’est une œuvre splendide et impressionnante!",Femina_1901-03-01_femina1-3.txt,Publicité
"L’imposante construction à deux étages, de forme rectangulaire, avec deux courtes ailes, assez en retrait pour faire ressortir la majesté du corps de bâtiment principal, sans l’alourdir, est d’une archi- tecture simple et sévère, où les grandes loggias à colonnes perchées, du second étage viennent mettre comme un sourire, en rappelant que l’on est dans le pays du soleil et de l'éternel printemps. Entre la villa et la promenade, s’étend un vaste jardin dont les allées dé- AVR ERTEQ Le Hazc.",Femina_1901-03-01_femina1-3.txt,Éditorial
"mais on devine qu’elle pense des bê¬ tises. — Elle est d’une humeur de chien, madame... elle me dit que je ne sais pas mon service. J’y ai répondu que j’avais toujours eu des maîtres, moi, et qu'elle n’avait pas toujours eu des domesti¬ que^ — Mademoiselle, dans nos garden-parties de Mil- liardi-City nous avons des automobiles pour faire circuler les rafraîchissements. Le JUVEHIL 1 ' E < CORSET del’ADOLESCENCE BREVETÉ S. G. D. G.",Femina_1908-10-15_femina186-1908.txt,Éditorial
"— Le mot « jeune fille » n’a pas chez nous le même sens que chez vous. Voulez-vous deman¬ der quel est dans notre pays le trade mark des Américaines qui ne sont pas mariées ? — Exactement. — Eh bien, je crois que c’est... un point d’inter¬ rogation I Oui, un point d’interrogation, c’est bien notre « trade mark » à nous, notre « crest ».",Femina_1908-10-15_femina186-1908.txt,Éditorial
"QUEL EST DONC LE DERNIER PRODIGE DU GÉNIE HUMAIN ? S'élevant pour ainsi dire au rang d'un créateur, l'homme a pris de la matiere: du fer, de la cire, du verre, et de ces choses inertes il a fait une machine qui parle, qui chante,quirit etqui sauglotte; une machine qui conserve à jamais les sous qui nous sont chers, depuis les petits cris du bébé joyeux jusqu'aux paroles graves de l'aïeul qui nous quitte !",Femina_1901-03-01_femina1-3.txt,Publicité
